id,date,close,diff,tday,ctry,band
JPN,10/16/2008,8458.45,-11.41,337,9,0
JPN,10/10/2008,8276.43,-9.62,333,9,0
JPN,10/24/2008,7649.08,-9.6,343,9,0
JPN,10/8/2008,9203.32,-9.38,331,9,0
USA,10/15/2008,907.84,-9.03,336,161,0
USA,12/1/2008,816.21,-8.93,369,161,0
USA,9/29/2008,1106.42,-8.81,324,161,0
CHN,6/10/2008,3072.33,-7.73,245,13,0
USA,10/9/2008,909.92,-7.62,332,161,0
CHN,1/22/2008,4559.75,-7.22,145,13,0
CHN,1/28/2008,4419.29,-7.19,149,13,0
DEU,1/21/2008,6790.19,-7.16,144,99,0
DEU,10/6/2008,5387.01,-7.07,329,99,0
DEU,10/10/2008,4544.31,-7.01,333,99,0
JPN,11/20/2008,7703.04,-6.89,362,9,0
DEU,11/6/2008,4813.57,-6.84,352,99,0
JPN,10/22/2008,8674.69,-6.79,341,9,0
USA,11/20/2008,752.44,-6.71,362,161,0
CHN,6/19/2008,2748.87,-6.54,252,13,0
JPN,11/6/2008,8899.14,-6.53,352,9,0
DEU,10/15/2008,4861.63,-6.49,336,99,0
JPN,10/27/2008,7162.9,-6.36,344,9,0
JPN,12/2/2008,7863.69,-6.35,370,9,0
CHN,10/27/2008,1723.35,-6.32,344,13,0
CHN,11/18/2008,1902.43,-6.31,360,13,0
USA,11/19/2008,806.58,-6.12,361,161,0
USA,10/22/2008,896.78,-6.1,341,161,0
DEU,10/8/2008,5013.62,-5.88,331,99,0
DEU,12/1/2008,4394.79,-5.88,369,99,0
USA,10/7/2008,996.23,-5.74,330,161,0
JPN,1/22/2008,12573.05,-5.65,145,9,0
CHN,4/14/2008,3296.67,-5.62,204,13,0
JPN,12/12/2008,8235.87,-5.56,378,9,0
CHN,4/9/2008,3413.91,-5.5,201,13,0
CHN,3/27/2008,3411.49,-5.42,192,13,0
JPN,8/17/2007,15273.68,-5.42,34,9,0
CHN,8/18/2008,2319.87,-5.33,294,13,0
CHN,6/27/2008,2748.43,-5.29,258,13,0
USA,1/20/2009,805.22,-5.28,404,161,0
USA,11/5/2008,952.77,-5.27,351,161,0
CHN,7/5/2007,3615.87,-5.25,3,13,0
DEU,11/11/2008,4761.58,-5.25,355,99,0
JPN,11/13/2008,8238.64,-5.25,357,9,0
CHN,10/6/2008,2173.74,-5.23,329,13,0
CHN,8/11/2008,2470.07,-5.21,289,13,0
USA,11/12/2008,852.3,-5.19,356,161,0
CHN,1/21/2008,4914.44,-5.14,144,13,0
DEU,3/30/2009,3989.23,-5.1,453,99,0
USA,11/6/2008,904.88,-5.03,352,161,0
DEU,3/5/2009,3695.49,-5.02,436,99,0
JPN,10/31/2008,8576.98,-5.01,348,9,0
DEU,10/24/2008,4295.67,-4.96,343,99,0
JPN,9/16/2008,11609.72,-4.95,315,9,0
JPN,1/15/2009,8023.31,-4.92,401,9,0
DEU,11/19/2008,4354.09,-4.92,361,99,0
USA,2/10/2009,827.16,-4.91,419,161,0
DEU,10/16/2008,4622.81,-4.91,337,99,0
DEU,1/23/2008,6439.21,-4.88,146,99,0
CHN,11/8/2007,5330.02,-4.85,93,13,0
CHN,10/25/2007,5562.39,-4.8,83,13,0
JPN,1/13/2009,8413.91,-4.79,399,9,0
DEU,2/20/2009,4014.66,-4.76,427,99,0
CHN,2/18/2009,2209.86,-4.72,425,13,0
USA,9/15/2008,1192.7,-4.71,314,161,0
USA,9/17/2008,1156.39,-4.71,316,161,0
JPN,2/6/2008,13099.24,-4.7,156,9,0
USA,3/2/2009,700.82,-4.66,433,161,1
DEU,1/14/2009,4422.35,-4.63,400,99,1
USA,2/17/2009,789.17,-4.56,424,161,1
CHN,2/24/2009,2200.65,-4.56,429,13,1
CHN,12/23/2008,1897.22,-4.55,385,13,1
JPN,3/30/2009,8236.08,-4.53,453,9,1
CHN,9/11/2007,5113.97,-4.51,51,13,1
CHN,3/24/2008,3626.19,-4.49,189,13,1
JPN,3/3/2008,12992.18,-4.49,174,9,1
CHN,5/20/2008,3443.16,-4.48,230,13,1
CHN,8/8/2008,2605.72,-4.47,288,13,1
CHN,9/16/2008,1986.64,-4.47,315,13,1
DEU,2/17/2009,4216.6,-4.46,424,99,1
DEU,10/22/2008,4571.07,-4.46,341,99,1
CHN,11/22/2007,4984.16,-4.41,103,13,1
USA,4/20/2009,832.39,-4.28,468,161,1
CHN,10/16/2008,1909.94,-4.25,337,13,1
JPN,10/6/2008,10473.09,-4.25,329,9,1
USA,3/5/2009,682.55,-4.25,436,161,1
DEU,9/29/2008,5807.08,-4.23,324,99,1
DEU,3/17/2008,6182.3,-4.18,184,99,1
USA,11/14/2008,873.29,-4.17,358,161,1
CHN,4/1/2008,3329.16,-4.13,195,13,1
CHN,5/7/2008,3579.15,-4.13,221,13,1
JPN,9/30/2008,11259.86,-4.12,325,9,1
CHN,2/25/2008,4192.53,-4.07,169,13,1
DEU,4/20/2009,4486.3,-4.07,468,99,1
JPN,1/4/2008,14691.41,-4.03,133,9,1
USA,10/2/2008,1114.28,-4.03,327,161,1
DEU,12/5/2008,4381.47,-4,373,99,1
JPN,1/28/2008,13087.91,-3.97,149,9,1
CHN,4/18/2008,3094.67,-3.97,208,13,1
CHN,3/18/2008,3668.9,-3.96,185,13,1
JPN,1/8/2009,8876.42,-3.93,396,9,1
CHN,2/26/2009,2121.25,-3.87,431,13,1
JPN,1/21/2008,13325.94,-3.86,144,9,1
USA,10/6/2008,1056.89,-3.85,329,161,1
USA,9/22/2008,1207.09,-3.82,319,161,1
JPN,1/23/2009,7745.25,-3.81,407,9,1
JPN,3/2/2009,7280.15,-3.81,433,9,1
DEU,7/2/2009,4718.49,-3.81,521,99,1
CHN,8/1/2007,4300.56,-3.81,22,13,1
CHN,12/12/2008,1954.21,-3.81,378,13,1
CHN,4/8/2009,2347.39,-3.76,460,13,1
JPN,3/17/2008,11787.51,-3.71,184,9,2
CHN,11/24/2008,1897.06,-3.67,364,13,2
CHN,8/21/2008,2431.72,-3.63,297,13,2
CHN,3/17/2008,3820.05,-3.6,184,13,2
CHN,3/10/2008,4146.3,-3.59,179,13,2
CHN,10/10/2008,2000.57,-3.57,333,13,2
JPN,11/7/2008,8583,-3.55,353,9,2
DEU,6/15/2009,4889.94,-3.54,508,99,2
CHN,10/18/2007,5825.28,-3.5,78,13,2
JPN,3/6/2009,7173.1,-3.5,437,9,2
DEU,3/2/2009,3710.07,-3.48,433,99,2
USA,3/30/2009,787.53,-3.48,453,161,2
CHN,2/22/2008,4370.29,-3.47,168,13,2
USA,2/23/2009,743.33,-3.47,428,161,2
DEU,2/10/2009,4505.54,-3.46,419,99,2
USA,10/24/2008,876.77,-3.45,343,161,2
CHN,7/15/2008,2779.45,-3.43,270,13,2
USA,9/9/2008,1224.51,-3.41,310,161,2
CHN,3/9/2009,2118.75,-3.39,438,13,2
DEU,2/5/2008,6765.25,-3.36,155,99,2
USA,1/14/2009,842.62,-3.35,400,161,2
JPN,1/16/2008,13504.51,-3.35,141,9,2
CHN,9/11/2008,2078.98,-3.34,312,13,2
JPN,3/13/2008,12433.44,-3.33,182,9,2
USA,1/29/2009,845.14,-3.31,411,161,2
CHN,9/5/2008,2202.45,-3.29,308,13,2
JPN,3/7/2008,12782.8,-3.27,178,9,2
DEU,11/17/2008,4557.27,-3.25,359,99,2
JPN,2/20/2008,13310.37,-3.25,166,9,2
USA,2/5/2008,1336.64,-3.2,155,161,2
CHN,10/22/2008,1895.82,-3.2,341,13,2
USA,10/27/2008,848.92,-3.18,344,161,2
CHN,5/26/2008,3364.54,-3.13,234,13,2
JPN,1/30/2009,7994.05,-3.12,412,9,2
CHN,7/1/2008,2651.6,-3.09,260,13,2
USA,6/6/2008,1360.68,-3.09,243,161,2
DEU,11/20/2008,4220.2,-3.08,362,99,2
USA,10/21/2008,955.05,-3.08,340,161,2
USA,6/22/2009,893.04,-3.06,513,161,2
JPN,4/14/2008,12917.51,-3.05,204,9,2
CHN,10/8/2008,2092.22,-3.04,331,13,2
JPN,2/12/2009,7705.36,-3.03,421,9,2
JPN,10/7/2008,10155.9,-3.03,330,9,2
DEU,6/22/2009,4693.4,-3.02,513,99,2
CHN,9/1/2008,2325.14,-3.01,304,13,2
JPN,11/11/2008,8809.3,-3,355,9,2
CHN,6/13/2008,2868.8,-3,248,13,2
USA,1/7/2009,906.65,-3,395,161,2
CHN,3/31/2008,3472.71,-3,194,13,2
USA,9/4/2008,1236.83,-2.99,307,161,2
DEU,11/12/2008,4620.8,-2.96,356,99,2
USA,8/9/2007,1453.09,-2.96,28,161,2
CHN,10/29/2008,1719.81,-2.94,346,13,2
USA,6/26/2008,1283.15,-2.94,257,161,2
USA,11/7/2007,1475.62,-2.94,92,161,2
CHN,4/22/2009,2461.35,-2.94,470,13,2
CHN,2/17/2009,2319.44,-2.93,424,13,2
USA,12/4/2008,845.22,-2.93,372,161,2
DEU,9/4/2008,6279.57,-2.91,307,99,2
USA,1/17/2008,1333.25,-2.91,142,161,2
USA,7/2/2009,896.42,-2.91,521,161,2
CHN,9/17/2008,1929.05,-2.9,316,13,2
JPN,6/16/2009,9752.88,-2.86,509,9,2
USA,12/11/2008,873.59,-2.85,377,161,2
JPN,6/23/2009,9549.61,-2.82,514,9,2
CHN,1/16/2008,5290.61,-2.81,141,13,2
CHN,6/17/2008,2794.75,-2.76,250,13,3
JPN,9/5/2008,12212.23,-2.75,308,9,3
DEU,9/15/2008,6064.16,-2.74,314,99,3
DEU,5/21/2009,4900.67,-2.74,491,99,3
USA,2/29/2008,1330.63,-2.71,173,161,3
CHN,10/14/2008,2017.32,-2.71,335,13,3
CHN,12/13/2007,4958.04,-2.7,118,13,3
DEU,2/12/2009,4407.56,-2.7,421,99,3
USA,5/13/2009,883.92,-2.69,485,161,3
JPN,4/8/2009,8595.01,-2.69,460,9,3
CHN,9/8/2008,2143.42,-2.68,309,13,3
JPN,4/28/2009,8493.77,-2.67,474,9,3
USA,8/3/2007,1433.06,-2.66,24,161,3
CHN,7/16/2008,2705.87,-2.65,271,13,3
JPN,5/14/2009,9093.73,-2.64,486,9,3
USA,11/1/2007,1508.44,-2.64,88,161,3
CHN,1/17/2008,5151.63,-2.63,142,13,3
CHN,11/30/2007,4871.78,-2.63,109,13,3
CHN,12/17/2007,4876.76,-2.62,120,13,3
CHN,8/26/2008,2350.08,-2.62,300,13,3
DEU,5/13/2009,4727.61,-2.61,485,99,3
CHN,10/22/2007,5667.33,-2.59,80,13,3
USA,11/17/2008,850.75,-2.58,359,161,3
USA,10/19/2007,1500.63,-2.56,79,161,3
JPN,7/13/2009,9050.33,-2.55,528,9,3
CHN,12/9/2008,2037.74,-2.54,375,13,3
DEU,10/9/2008,4887,-2.53,332,99,3
USA,12/11/2007,1477.65,-2.53,116,161,3
CHN,6/23/2008,2760.42,-2.52,254,13,3
DEU,2/27/2009,3843.74,-2.51,432,99,3
DEU,10/2/2008,5660.63,-2.51,327,99,3
DEU,8/13/2008,6422.19,-2.49,291,99,3
USA,1/15/2008,1380.95,-2.49,140,161,3
JPN,11/12/2007,15197.09,-2.48,95,9,3
CHN,11/5/2007,5634.45,-2.48,90,13,3
JPN,12/13/2007,15536.52,-2.48,118,9,3
USA,1/4/2008,1411.63,-2.46,133,161,3
JPN,11/21/2007,14837.66,-2.46,102,9,3
JPN,10/23/2008,8460.98,-2.46,342,9,3
JPN,7/8/2008,13033.1,-2.45,265,9,3
CHN,11/28/2008,1871.16,-2.44,368,13,3
CHN,11/6/2008,1717.72,-2.44,352,13,3
JPN,5/18/2009,9038.69,-2.44,488,9,3
DEU,9/7/2007,7436.63,-2.43,49,99,3
USA,3/19/2008,1298.42,-2.43,186,161,3
CHN,3/13/2008,3971.26,-2.43,182,13,3
DEU,9/5/2008,6127.44,-2.42,308,99,3
DEU,7/11/2008,6153.3,-2.41,268,99,3
JPN,3/12/2009,7198.25,-2.41,441,9,3
CHN,11/12/2007,5187.73,-2.4,95,13,3
USA,4/7/2009,815.55,-2.39,459,161,3
DEU,7/26/2007,7508.96,-2.39,18,99,3
DEU,6/26/2008,6459.6,-2.39,257,99,3
JPN,4/21/2009,8711.33,-2.39,469,9,3
USA,6/15/2009,923.72,-2.38,508,161,3
CHN,1/8/2009,1878.18,-2.38,396,13,3
JPN,8/10/2007,16764.09,-2.37,29,9,3
JPN,12/24/2008,8517.1,-2.37,386,9,3
CHN,2/13/2008,4490.72,-2.37,161,13,3
USA,2/27/2009,735.09,-2.36,432,161,3
DEU,8/16/2007,7270.07,-2.36,33,99,3
CHN,7/16/2007,3821.92,-2.36,10,13,3
JPN,7/27/2007,17283.81,-2.36,19,9,3
USA,8/28/2007,1432.36,-2.35,41,161,3
JPN,7/8/2009,9420.75,-2.35,525,9,3
DEU,8/19/2008,6282.43,-2.34,295,99,3
CHN,4/28/2008,3474.72,-2.33,214,13,3
USA,7/26/2007,1482.66,-2.33,18,161,3
JPN,2/29/2008,13603.02,-2.32,173,9,3
CHN,3/4/2008,4335.45,-2.32,175,13,3
USA,11/26/2007,1407.22,-2.32,105,161,3
CHN,11/2/2007,5777.81,-2.31,89,13,3
USA,12/9/2008,888.67,-2.31,375,161,3
USA,7/24/2008,1252.54,-2.31,277,161,3
JPN,1/20/2009,8065.79,-2.31,404,9,3
JPN,5/26/2008,13690.19,-2.3,234,9,3
CHN,3/12/2008,4070.12,-2.3,181,13,3
JPN,3/31/2008,12525.54,-2.3,194,9,3
USA,7/9/2008,1244.69,-2.28,266,161,3
JPN,11/18/2008,8328.41,-2.28,360,9,3
USA,1/30/2009,825.88,-2.28,412,161,3
JPN,8/19/2008,12865.05,-2.28,295,9,3
CHN,12/11/2008,2031.68,-2.28,377,13,3
CHN,8/17/2007,4656.57,-2.28,34,13,3
USA,1/12/2009,870.26,-2.26,398,161,3
JPN,10/22/2007,16438.47,-2.24,80,9,3
JPN,6/19/2008,14130.17,-2.23,252,9,3
JPN,9/10/2007,15764.97,-2.22,50,9,3
JPN,9/18/2008,11489.3,-2.22,317,9,3
CHN,6/12/2008,2957.53,-2.21,247,13,3
DEU,11/21/2008,4127.41,-2.2,363,99,3
USA,3/6/2008,1304.34,-2.2,177,161,3
USA,11/11/2008,898.95,-2.2,355,161,3
JPN,8/15/2007,16475.61,-2.19,32,9,3
JPN,8/1/2007,16870.98,-2.19,22,9,3
DEU,12/12/2008,4663.37,-2.18,378,99,3
DEU,3/4/2008,6545.04,-2.17,175,99,3
CHN,9/7/2007,5277.18,-2.16,49,13,3
CHN,7/31/2008,2775.72,-2.15,282,13,3
USA,5/11/2009,909.24,-2.15,483,161,3
DEU,1/15/2008,7566.38,-2.14,140,99,3
CHN,7/4/2007,3816.17,-2.14,2,13,3
CHN,8/4/2008,2741.74,-2.14,284,13,3
CHN,8/16/2007,4765.45,-2.14,33,13,3
JPN,6/9/2008,14181.38,-2.13,244,9,3
USA,1/9/2009,890.35,-2.13,397,161,3
USA,12/18/2008,885.28,-2.12,382,161,3
DEU,6/20/2008,6578.44,-2.12,253,99,3
DEU,11/5/2008,5166.87,-2.11,351,99,3
JPN,8/13/2008,13023.05,-2.11,291,9,3
JPN,8/1/2008,13094.59,-2.11,283,9,3
CHN,2/20/2008,4567.03,-2.09,166,13,3
JPN,11/2/2007,16517.48,-2.09,89,9,3
CHN,4/17/2008,3222.74,-2.09,207,13,3
USA,3/14/2008,1288.14,-2.08,183,161,3
JPN,6/12/2008,13888.6,-2.08,247,9,3
JPN,5/9/2008,13655.34,-2.06,223,9,3
JPN,1/21/2009,7901.64,-2.04,405,9,3
USA,4/11/2008,1332.83,-2.04,203,161,3
USA,3/24/2009,806.12,-2.04,449,161,3
DEU,1/30/2009,4338.35,-2.03,412,99,3
USA,3/27/2009,815.94,-2.03,452,161,3
JPN,9/18/2007,15801.8,-2.02,56,9,3
JPN,11/8/2007,15771.57,-2.02,93,9,3
DEU,1/29/2009,4428.11,-2.01,411,99,3
USA,4/14/2009,841.5,-2.01,464,161,3
JPN,6/27/2008,13544.36,-2.01,258,9,3
DEU,8/9/2007,7453.59,-2,28,99,3
CHN,3/25/2009,2291.55,-2,450,13,3
JPN,8/16/2007,16148.49,-1.99,33,9,3
DEU,6/6/2008,6803.81,-1.99,243,99,3
USA,3/20/2009,768.54,-1.98,447,161,3
JPN,9/11/2008,12102.5,-1.98,312,9,3
USA,7/24/2007,1511.04,-1.98,16,161,3
DEU,1/9/2009,4783.89,-1.97,397,99,3
USA,7/7/2009,881.03,-1.97,524,161,3
CHN,11/27/2007,4861.11,-1.97,106,13,3
JPN,7/25/2008,13334.76,-1.97,278,9,3
CHN,10/31/2008,1728.79,-1.97,348,13,3
JPN,3/10/2008,12532.13,-1.96,179,9,3
USA,8/25/2008,1266.84,-1.96,299,161,3
JPN,7/15/2008,12754.56,-1.96,270,9,3
CHN,1/13/2009,1863.37,-1.95,399,13,3
DEU,2/23/2009,3936.45,-1.95,428,99,3
DEU,1/15/2009,4336.73,-1.94,401,99,3
JPN,10/3/2008,10938.14,-1.94,328,9,3
JPN,1/11/2008,14110.79,-1.93,138,9,3
DEU,2/28/2008,6862.52,-1.93,172,99,3
CHN,6/4/2008,3369.91,-1.93,241,13,3
CHN,10/24/2008,1839.62,-1.92,343,13,3
DEU,7/15/2008,6081.7,-1.91,270,99,3
CHN,6/12/2009,2743.76,-1.91,507,13,3
USA,5/27/2009,893.06,-1.9,495,161,3
JPN,10/2/2008,11154.76,-1.88,327,9,3
DEU,2/15/2008,6832.43,-1.87,163,99,3
JPN,2/20/2009,7416.38,-1.87,427,9,3
DEU,6/17/2009,4799.98,-1.86,510,99,3
USA,7/28/2008,1234.37,-1.86,279,161,3
CHN,8/5/2008,2690.75,-1.86,285,13,3
DEU,4/28/2009,4607.42,-1.85,474,99,3
USA,6/20/2008,1317.93,-1.85,253,161,3
USA,1/8/2008,1390.19,-1.84,135,161,4
CHN,5/13/2008,3560.24,-1.84,225,13,4
JPN,9/1/2008,12834.18,-1.83,304,9,4
USA,12/22/2008,871.63,-1.83,384,161,4
DEU,12/13/2007,7928.31,-1.83,118,99,4
CHN,7/29/2008,2850.31,-1.82,280,13,4
USA,8/14/2007,1426.54,-1.82,31,161,4
USA,7/2/2008,1261.52,-1.82,261,161,4
CHN,2/27/2009,2082.85,-1.81,432,13,4
USA,5/7/2008,1392.57,-1.81,221,161,4
DEU,7/18/2007,7893.61,-1.8,12,99,4
DEU,5/23/2008,6944.05,-1.79,233,99,4
USA,8/7/2008,1266.07,-1.79,287,161,4
DEU,6/11/2008,6650.26,-1.78,246,99,4
CHN,4/27/2009,2405.35,-1.77,473,13,4
DEU,1/7/2009,4937.47,-1.77,395,99,4
DEU,1/20/2009,4239.85,-1.77,404,99,4
JPN,9/9/2008,12400.65,-1.77,310,9,4
DEU,9/26/2008,6063.5,-1.77,323,99,4
CHN,12/24/2008,1863.8,-1.76,386,13,4
USA,11/19/2007,1433.27,-1.75,100,161,4
DEU,9/17/2008,5860.98,-1.75,316,99,4
CHN,5/11/2009,2579.75,-1.75,483,13,4
JPN,9/2/2008,12609.47,-1.75,305,9,4
DEU,1/13/2009,4636.94,-1.75,399,99,4
CHN,11/6/2007,5536.57,-1.74,91,13,4
DEU,6/3/2009,5054.53,-1.74,500,99,4
DEU,11/1/2007,7880.85,-1.73,88,99,4
DEU,7/24/2007,7806.79,-1.73,16,99,4
DEU,9/5/2007,7588.03,-1.73,47,99,4
CHN,9/18/2008,1895.84,-1.72,317,13,4
JPN,10/19/2007,16814.37,-1.71,79,9,4
JPN,12/17/2007,15249.79,-1.71,120,9,4
JPN,8/29/2007,16012.83,-1.69,42,9,4
USA,6/11/2008,1335.49,-1.69,246,161,4
USA,9/7/2007,1453.55,-1.69,49,161,4
CHN,4/16/2008,3291.6,-1.69,206,13,4
USA,5/21/2009,888.33,-1.68,491,161,4
DEU,2/29/2008,6748.13,-1.67,173,99,4
CHN,11/20/2008,1983.76,-1.67,362,13,4
DEU,2/7/2008,6733.72,-1.66,157,99,4
CHN,11/11/2008,1843.61,-1.66,355,13,4
CHN,5/29/2008,3401.44,-1.66,237,13,4
JPN,12/28/2007,15307.78,-1.65,129,9,4
JPN,5/21/2008,13926.3,-1.65,231,9,4
CHN,5/22/2008,3485.63,-1.65,232,13,4
CHN,8/29/2007,5109.43,-1.64,42,13,4
DEU,9/16/2008,5965.17,-1.63,315,99,4
JPN,5/12/2009,9298.61,-1.62,484,9,4
USA,5/21/2008,1390.71,-1.61,231,161,4
CHN,9/26/2007,5338.52,-1.61,62,13,4
DEU,7/1/2008,6315.94,-1.6,260,99,4
JPN,9/5/2007,16158.45,-1.6,47,9,4
USA,7/27/2007,1458.95,-1.6,19,161,4
JPN,6/3/2008,14209.17,-1.6,240,9,4
USA,1/25/2008,1330.61,-1.59,148,161,4
USA,11/21/2007,1416.77,-1.59,102,161,4
USA,2/26/2009,752.83,-1.58,431,161,4
CHN,6/11/2008,3024.24,-1.57,246,13,4
DEU,5/7/2009,4804.1,-1.57,481,99,4
JPN,11/16/2007,15154.61,-1.57,99,9,4
JPN,4/24/2009,8707.99,-1.57,472,9,4
CHN,9/23/2008,2201.51,-1.56,320,13,4
USA,9/23/2008,1188.22,-1.56,320,161,4
DEU,6/30/2009,4808.64,-1.56,519,99,4
USA,3/10/2008,1273.37,-1.55,179,161,4
DEU,12/17/2007,7825.44,-1.55,120,99,4
CHN,2/5/2008,4599.7,-1.55,155,13,4
DEU,2/2/2009,4271.04,-1.55,413,99,4
CHN,7/25/2008,2865.1,-1.55,278,13,4
JPN,3/31/2009,8109.53,-1.54,454,9,4
CHN,12/12/2007,5095.54,-1.54,117,13,4
CHN,5/21/2009,2610.62,-1.54,491,13,4
JPN,3/14/2008,12241.6,-1.54,183,9,4
CHN,7/10/2008,2875.45,-1.54,267,13,4
USA,1/22/2009,827.5,-1.52,406,161,4
CHN,12/22/2008,1987.76,-1.52,384,13,4
USA,8/18/2008,1278.6,-1.51,294,161,4
DEU,3/13/2008,6500.56,-1.5,182,99,4
CHN,11/21/2007,5214.23,-1.5,102,13,4
JPN,2/2/2009,7873.98,-1.5,413,9,4
USA,12/17/2007,1445.9,-1.5,120,161,4
DEU,4/11/2008,6603.57,-1.5,203,99,4
JPN,11/5/2007,16268.92,-1.5,90,9,4
JPN,4/8/2008,13250.43,-1.49,200,9,4
DEU,5/20/2008,7118.5,-1.49,230,99,4
DEU,11/15/2007,7667.03,-1.49,98,99,4
DEU,8/10/2007,7343.26,-1.48,29,99,4
DEU,1/2/2008,7949.11,-1.47,131,99,4
DEU,2/20/2008,6899.68,-1.47,166,99,4
DEU,11/21/2007,7518.42,-1.47,102,99,4
JPN,7/29/2008,13159.45,-1.46,280,9,4
DEU,7/20/2007,7874.85,-1.46,14,99,4
CHN,11/26/2007,4958.85,-1.46,105,13,4
JPN,2/24/2009,7268.56,-1.46,429,9,4
DEU,7/24/2008,6440.7,-1.46,277,99,4
DEU,7/28/2009,5174.74,-1.46,539,99,4
DEU,7/25/2007,7692.55,-1.46,17,99,4
JPN,1/10/2008,14388.11,-1.45,137,9,4
JPN,2/18/2009,7534.44,-1.45,425,9,4
DEU,8/1/2007,7473.93,-1.45,22,99,4
JPN,2/8/2008,13017.24,-1.44,158,9,4
USA,1/2/2008,1447.16,-1.44,131,161,4
DEU,2/22/2008,6806.29,-1.43,168,99,4
DEU,7/8/2008,6304.41,-1.43,265,99,4
USA,12/27/2007,1476.27,-1.43,128,161,4
CHN,2/1/2008,4320.77,-1.43,153,13,4
USA,11/9/2007,1453.7,-1.43,94,161,4
USA,7/10/2007,1510.12,-1.42,6,161,4
DEU,6/8/2009,5004.72,-1.42,503,99,4
DEU,3/17/2009,3987.77,-1.4,444,99,4
CHN,3/7/2008,4300.52,-1.39,178,13,4
USA,8/15/2007,1406.7,-1.39,32,161,4
JPN,6/18/2009,9703.72,-1.39,511,9,4
DEU,7/10/2007,7964.76,-1.39,6,99,4
JPN,7/9/2009,9291.06,-1.38,526,9,4
JPN,7/6/2009,9680.87,-1.38,523,9,4
DEU,3/6/2008,6591.31,-1.38,177,99,4
JPN,2/22/2008,13500.46,-1.37,168,9,4
USA,8/29/2008,1282.83,-1.37,303,161,4
USA,6/3/2009,931.76,-1.37,500,161,4
USA,12/14/2007,1467.95,-1.37,119,161,4
DEU,5/28/2009,4932.88,-1.36,496,99,4
USA,1/11/2008,1401.02,-1.36,138,161,4
JPN,2/17/2009,7645.51,-1.35,424,9,4
USA,10/3/2008,1099.23,-1.35,328,161,4
JPN,12/1/2008,8397.22,-1.35,369,9,4
DEU,1/18/2008,7314.17,-1.34,143,99,4
USA,2/14/2008,1348.86,-1.34,162,161,4
DEU,1/12/2009,4719.62,-1.34,398,99,4
DEU,7/28/2008,6351.15,-1.33,279,99,4
JPN,11/26/2008,8213.22,-1.33,366,9,4
JPN,6/20/2008,13942.08,-1.33,253,9,4
JPN,2/9/2009,7969.03,-1.33,418,9,4
DEU,11/19/2007,7511.97,-1.32,100,99,4
USA,5/7/2009,907.39,-1.32,481,161,4
USA,5/23/2008,1375.93,-1.32,233,161,4
USA,11/15/2007,1451.15,-1.32,98,161,4
JPN,5/28/2008,13709.44,-1.32,236,9,4
DEU,8/3/2007,7435.67,-1.31,24,99,4
DEU,3/27/2009,4203.55,-1.31,452,99,4
JPN,7/2/2008,13286.37,-1.31,261,9,4
USA,7/31/2008,1267.38,-1.31,282,161,4
USA,3/19/2009,784.04,-1.3,446,161,4
JPN,1/7/2008,14500.55,-1.3,134,9,4
USA,2/21/2008,1342.53,-1.29,167,161,4
JPN,11/12/2008,8695.51,-1.29,356,9,4
DEU,7/10/2008,6305,-1.28,267,99,4
DEU,8/21/2008,6236.96,-1.28,297,99,4
DEU,8/1/2008,6396.46,-1.28,283,99,4
DEU,7/4/2008,6272.21,-1.28,263,99,4
USA,11/10/2008,919.21,-1.27,354,161,4
USA,12/15/2008,868.57,-1.27,379,161,4
JPN,10/16/2007,17137.92,-1.27,76,9,4
JPN,4/10/2008,12945.3,-1.27,202,9,4
DEU,2/25/2009,3846.21,-1.27,430,99,4
USA,6/16/2009,911.97,-1.27,509,161,4
DEU,12/19/2008,4696.7,-1.26,383,99,4
JPN,9/29/2008,11743.61,-1.26,324,9,4
DEU,1/4/2008,7808.69,-1.26,133,99,4
CHN,3/6/2009,2193.01,-1.26,437,13,4
USA,7/31/2007,1455.27,-1.26,21,161,4
DEU,1/16/2008,7471.57,-1.25,141,99,4
DEU,6/2/2008,7008.77,-1.24,239,99,4
CHN,7/4/2008,2669.89,-1.24,263,13,4
DEU,12/22/2008,4639.02,-1.23,384,99,4
JPN,8/4/2008,12933.18,-1.23,284,9,4
USA,7/20/2007,1534.1,-1.22,14,161,4
DEU,4/23/2009,4538.21,-1.22,471,99,4
CHN,9/3/2008,2276.67,-1.22,306,13,4
USA,8/12/2008,1289.59,-1.21,290,161,4
CHN,2/15/2008,4497.13,-1.21,163,13,4
JPN,3/9/2009,7086.03,-1.21,438,9,4
DEU,7/6/2009,4651.82,-1.2,523,99,4
USA,2/19/2009,778.94,-1.2,426,161,4
CHN,5/9/2008,3613.49,-1.19,223,13,4
CHN,11/28/2007,4803.39,-1.19,107,13,4
CHN,4/17/2009,2503.94,-1.19,467,13,4
JPN,11/9/2007,15583.42,-1.19,94,9,4
USA,10/10/2008,899.22,-1.18,333,161,4
DEU,1/8/2009,4879.91,-1.17,396,99,4
JPN,12/19/2007,15030.51,-1.17,122,9,4
DEU,3/7/2008,6513.99,-1.17,178,99,4
DEU,7/10/2009,4576.31,-1.16,527,99,4
USA,3/27/2008,1325.76,-1.15,192,161,4
DEU,1/19/2009,4316.14,-1.15,403,99,4
USA,9/5/2007,1472.29,-1.15,47,161,4
DEU,7/7/2009,4598.19,-1.15,524,99,4
USA,5/15/2009,882.88,-1.14,487,161,4
USA,2/20/2009,770.05,-1.14,427,161,4
JPN,4/15/2009,8742.96,-1.13,465,9,4
JPN,5/8/2008,13943.26,-1.13,222,9,4
JPN,6/10/2008,14021.17,-1.13,245,9,4
DEU,10/22/2007,7794.94,-1.13,80,99,4
USA,10/8/2008,984.94,-1.13,331,161,4
JPN,12/16/2008,8568.02,-1.12,380,9,4
DEU,10/7/2008,5326.63,-1.12,330,99,4
CHN,10/15/2008,1994.67,-1.12,336,13,4
DEU,10/23/2008,4519.7,-1.12,342,99,4
JPN,7/18/2007,18015.58,-1.11,12,9,4
USA,10/29/2008,930.09,-1.11,346,161,4
USA,1/22/2008,1310.5,-1.11,145,161,4
USA,7/11/2008,1239.49,-1.11,268,161,4
JPN,2/5/2009,7949.65,-1.11,416,9,4
JPN,7/11/2007,18049.51,-1.11,7,9,4
JPN,4/22/2008,13547.82,-1.09,210,9,4
CHN,8/22/2008,2405.23,-1.09,298,13,4
USA,7/15/2008,1214.91,-1.09,270,161,4
DEU,5/21/2008,7040.83,-1.09,231,99,4
DEU,7/5/2007,7987.13,-1.09,3,99,4
CHN,9/25/2007,5425.88,-1.08,61,13,4
JPN,10/17/2007,16955.31,-1.07,77,9,4
USA,2/25/2009,764.9,-1.07,430,161,4
CHN,10/23/2008,1875.56,-1.07,342,13,4
JPN,7/23/2007,17963.64,-1.07,15,9,4
JPN,4/9/2008,13111.89,-1.05,201,9,4
USA,2/4/2008,1380.82,-1.05,154,161,4
DEU,10/21/2008,4784.41,-1.05,340,99,4
USA,6/2/2008,1385.67,-1.05,239,161,4
CHN,3/3/2009,2071.43,-1.05,434,13,4
JPN,9/4/2008,12557.66,-1.04,307,9,4
DEU,2/24/2009,3895.75,-1.03,429,99,4
USA,4/27/2009,857.51,-1.01,473,161,4
DEU,5/5/2009,4853.03,-1.01,479,99,4
DEU,3/10/2008,6448.08,-1.01,179,99,4
JPN,12/4/2008,7924.24,-1,372,9,4
USA,11/12/2007,1439.18,-1,95,161,4
USA,2/13/2009,826.84,-1,422,161,4
USA,3/9/2009,676.53,-1,438,161,4
CHN,3/5/2008,4292.65,-0.99,176,13,4
DEU,6/18/2008,6728.91,-0.99,251,99,4
JPN,1/30/2008,13345.03,-0.99,151,9,4
JPN,1/15/2008,13972.63,-0.98,140,9,4
DEU,1/22/2009,4219.42,-0.98,406,99,4
JPN,8/7/2008,13124.99,-0.98,287,9,4
CHN,1/15/2008,5443.79,-0.98,140,13,4
USA,6/18/2008,1337.81,-0.97,251,161,4
USA,12/23/2008,863.16,-0.97,385,161,4
DEU,5/9/2008,7003.17,-0.97,223,99,4
DEU,5/11/2009,4866.91,-0.96,483,99,4
USA,12/17/2008,904.42,-0.96,381,161,4
DEU,1/23/2009,4178.94,-0.96,407,99,4
JPN,8/12/2008,13303.6,-0.95,290,9,4
JPN,6/15/2009,10039.67,-0.95,508,9,4
CHN,12/30/2008,1832.91,-0.95,390,13,4
JPN,6/29/2009,9783.47,-0.95,518,9,4
JPN,12/4/2007,15480.19,-0.95,111,9,4
JPN,11/7/2007,16096.68,-0.94,92,9,4
CHN,5/20/2009,2651.41,-0.94,490,13,4
JPN,9/26/2008,11893.16,-0.94,323,9,4
USA,5/20/2008,1413.4,-0.93,230,161,4
USA,8/19/2008,1266.69,-0.93,295,161,4
CHN,10/17/2007,6036.28,-0.92,77,13,4
JPN,4/14/2009,8842.68,-0.92,464,9,4
CHN,3/11/2009,2139.02,-0.91,440,13,4
JPN,12/19/2008,8588.52,-0.91,383,9,4
CHN,11/16/2007,5316.27,-0.91,99,13,4
JPN,9/25/2008,12006.53,-0.9,322,9,4
USA,3/17/2008,1276.6,-0.9,184,161,4
CHN,5/14/2009,2639.89,-0.9,486,13,4
USA,8/4/2008,1249.01,-0.9,284,161,4
CHN,1/30/2008,4417.85,-0.9,151,13,4
USA,3/12/2008,1308.77,-0.9,181,161,4
USA,7/14/2008,1228.3,-0.9,269,161,4
CHN,12/28/2007,5261.56,-0.89,129,13,5
DEU,10/15/2007,7969.47,-0.89,75,99,5
USA,2/28/2008,1367.68,-0.89,172,161,5
DEU,1/10/2008,7713.09,-0.89,137,99,5
JPN,7/26/2007,17702.09,-0.88,18,9,5
CHN,11/15/2007,5365.27,-0.88,98,13,5
USA,3/26/2008,1341.13,-0.88,191,161,5
USA,4/22/2008,1375.94,-0.88,210,161,5
CHN,9/2/2008,2304.89,-0.87,305,13,5
CHN,2/21/2008,4527.18,-0.87,167,13,5
CHN,11/19/2007,5269.82,-0.87,100,13,5
DEU,1/9/2008,7782.71,-0.86,136,99,5
DEU,4/22/2008,6728.3,-0.86,210,99,5
JPN,5/21/2009,9264.15,-0.86,491,9,5
DEU,3/3/2008,6689.95,-0.86,174,99,5
CHN,4/21/2009,2535.83,-0.85,469,13,5
USA,8/27/2007,1466.79,-0.85,40,161,5
USA,6/30/2009,919.32,-0.85,519,161,5
USA,10/15/2007,1548.71,-0.84,75,161,5
USA,7/7/2008,1252.31,-0.84,264,161,5
USA,3/7/2008,1293.37,-0.84,178,161,5
CHN,10/9/2008,2074.58,-0.84,332,13,5
DEU,4/21/2008,6786.55,-0.83,209,99,5
JPN,9/7/2007,16122.16,-0.83,49,9,5
DEU,7/11/2007,7898.54,-0.83,7,99,5
CHN,12/18/2007,4836.17,-0.83,121,13,5
DEU,7/17/2007,8038.21,-0.83,11,99,5
USA,4/6/2009,835.48,-0.83,458,161,5
CHN,5/26/2009,2588.57,-0.82,494,13,5
DEU,9/10/2007,7375.44,-0.82,50,99,5
JPN,2/5/2008,13745.5,-0.82,155,9,5
USA,4/9/2008,1354.49,-0.81,201,161,5
DEU,6/24/2008,6536.06,-0.81,255,99,5
JPN,1/26/2009,7682.14,-0.81,408,9,5
USA,3/28/2008,1315.22,-0.8,193,161,5
CHN,2/28/2008,4299.51,-0.8,172,13,5
JPN,7/25/2007,17858.42,-0.8,17,9,5
JPN,6/9/2009,9786.82,-0.8,504,9,5
DEU,10/18/2007,7921.4,-0.8,78,99,5
DEU,4/6/2009,4349.81,-0.8,458,99,5
JPN,3/27/2008,12604.58,-0.8,192,9,5
DEU,3/6/2009,3666.41,-0.79,437,99,5
JPN,8/26/2008,12778.71,-0.78,300,9,5
DEU,1/17/2008,7413.53,-0.78,142,99,5
CHN,7/10/2007,3853.02,-0.78,6,13,5
CHN,7/17/2008,2684.78,-0.78,272,13,5
CHN,1/31/2008,4383.39,-0.78,152,13,5
DEU,9/3/2008,6467.49,-0.78,306,99,5
CHN,10/21/2008,1958.53,-0.78,340,13,5
DEU,12/11/2008,4767.2,-0.78,377,99,5
DEU,6/4/2008,6965.43,-0.77,241,99,5
JPN,5/20/2008,14160.09,-0.77,230,9,5
USA,4/22/2009,843.55,-0.77,470,161,5
JPN,8/21/2008,12752.21,-0.77,297,9,5
CHN,11/4/2008,1706.7,-0.76,350,13,5
USA,2/6/2008,1326.45,-0.76,156,161,5
DEU,7/27/2007,7451.68,-0.76,19,99,5
JPN,6/4/2009,9668.96,-0.75,501,9,5
DEU,4/9/2008,6721.36,-0.75,201,99,5
DEU,3/14/2008,6451.9,-0.75,183,99,5
USA,2/4/2009,832.23,-0.75,415,161,5
JPN,2/28/2008,13925.51,-0.75,172,9,5
JPN,11/19/2007,15042.56,-0.74,100,9,5
DEU,4/14/2008,6554.49,-0.74,204,99,5
DEU,6/12/2009,5069.24,-0.74,507,99,5
DEU,8/28/2007,7430.24,-0.74,41,99,5
DEU,8/4/2008,6349.81,-0.73,284,99,5
CHN,5/6/2008,3733.5,-0.73,220,13,5
CHN,10/7/2008,2157.84,-0.73,330,13,5
JPN,10/12/2007,17331.17,-0.73,74,9,5
DEU,6/25/2009,4800.56,-0.73,516,99,5
DEU,8/25/2008,6296.95,-0.72,299,99,5
DEU,4/8/2008,6771.98,-0.72,200,99,5
JPN,4/4/2008,13293.22,-0.72,198,9,5
CHN,11/21/2008,1969.39,-0.72,363,13,5
CHN,4/25/2008,3557.75,-0.71,213,13,5
USA,11/14/2007,1470.58,-0.71,97,161,5
CHN,1/23/2009,1990.66,-0.71,407,13,5
DEU,11/16/2007,7612.26,-0.71,99,99,5
JPN,12/12/2007,15932.26,-0.7,117,9,5
JPN,2/1/2008,13497.16,-0.7,153,9,5
USA,12/31/2007,1468.36,-0.69,130,161,5
CHN,3/30/2009,2358.04,-0.69,453,13,5
JPN,3/3/2009,7229.72,-0.69,434,9,5
JPN,8/22/2008,12666.04,-0.68,298,9,5
USA,6/17/2008,1350.93,-0.68,250,161,5
CHN,1/7/2009,1924.01,-0.68,395,13,5
CHN,11/1/2007,5914.29,-0.68,88,13,5
JPN,11/15/2007,15396.3,-0.67,98,9,5
CHN,6/11/2009,2797.32,-0.67,506,13,5
USA,9/20/2007,1518.75,-0.67,58,161,5
USA,5/9/2008,1388.28,-0.67,223,161,5
CHN,6/6/2008,3329.67,-0.66,243,13,5
USA,10/16/2007,1538.53,-0.66,76,161,5
DEU,8/14/2007,7425.07,-0.66,31,99,5
CHN,12/31/2008,1820.81,-0.66,391,13,5
JPN,11/19/2008,8273.22,-0.66,361,9,5
JPN,2/26/2008,13824.72,-0.65,170,9,5
USA,10/30/2007,1531.02,-0.65,86,161,5
DEU,3/20/2008,6319.99,-0.65,187,99,5
DEU,6/10/2008,6771.1,-0.65,245,99,5
JPN,7/18/2008,12803.7,-0.65,273,9,5
USA,12/4/2007,1462.79,-0.65,111,161,5
JPN,6/5/2008,14341.12,-0.65,242,9,5
CHN,7/11/2008,2856.63,-0.65,268,13,5
CHN,6/3/2008,3436.4,-0.65,240,13,5
USA,3/3/2009,696.33,-0.64,434,161,5
JPN,7/2/2009,9876.15,-0.64,521,9,5
DEU,9/23/2008,6068.53,-0.64,320,99,5
CHN,3/26/2008,3606.86,-0.63,191,13,5
DEU,4/7/2009,4322.5,-0.63,459,99,5
CHN,12/25/2007,5201.18,-0.63,126,13,5
JPN,9/4/2007,16420.47,-0.63,46,9,5
JPN,2/3/2009,7825.51,-0.62,414,9,5
JPN,9/21/2007,16312.61,-0.62,59,9,5
USA,10/17/2008,940.55,-0.62,338,161,5
CHN,4/24/2009,2448.59,-0.62,472,13,5
JPN,10/4/2007,17092.49,-0.62,68,9,5
JPN,6/23/2008,13857.47,-0.61,254,9,5
JPN,7/3/2009,9816.07,-0.61,522,9,5
CHN,12/25/2008,1852.42,-0.61,387,13,5
JPN,5/1/2008,13766.86,-0.6,217,9,5
USA,1/18/2008,1325.19,-0.6,143,161,5
USA,12/3/2007,1472.42,-0.59,110,161,5
DEU,4/29/2008,6885.34,-0.58,215,99,5
USA,6/3/2008,1377.65,-0.58,240,161,5
DEU,9/22/2008,6107.75,-0.58,319,99,5
DEU,6/27/2008,6421.91,-0.58,258,99,5
JPN,12/27/2007,15564.69,-0.57,128,9,5
CHN,11/13/2007,5158.12,-0.57,96,13,5
DEU,7/8/2009,4572.65,-0.56,525,99,5
USA,8/1/2008,1260.31,-0.56,283,161,5
JPN,10/24/2007,16358.39,-0.56,82,9,5
USA,1/16/2008,1373.2,-0.56,141,161,5
CHN,2/12/2009,2248.09,-0.56,421,13,5
DEU,11/26/2007,7567.36,-0.55,105,99,5
CHN,5/15/2008,3637.32,-0.55,227,13,5
CHN,9/19/2007,5395.27,-0.55,57,13,5
CHN,6/30/2009,2959.36,-0.54,519,13,5
CHN,5/19/2008,3604.76,-0.54,229,13,5
CHN,6/5/2008,3351.65,-0.54,242,13,5
JPN,2/23/2009,7376.16,-0.54,428,9,5
DEU,3/26/2008,6489.26,-0.54,191,99,5
USA,9/24/2007,1517.73,-0.53,60,161,5
DEU,4/3/2008,6741.72,-0.53,197,99,5
USA,10/14/2008,998.01,-0.53,335,161,5
DEU,11/5/2007,7807.55,-0.53,90,99,5
CHN,7/22/2008,2846.12,-0.53,275,13,5
USA,10/11/2007,1554.41,-0.52,73,161,5
CHN,8/12/2008,2457.2,-0.52,290,13,5
DEU,3/3/2009,3690.72,-0.52,434,99,5
CHN,11/3/2008,1719.77,-0.52,349,13,5
DEU,6/16/2008,6729.88,-0.52,249,99,5
DEU,9/11/2008,6178.9,-0.51,312,99,5
DEU,9/14/2007,7497.74,-0.51,54,99,5
CHN,9/4/2007,5294.04,-0.51,46,13,5
JPN,8/14/2008,12956.8,-0.51,292,9,5
USA,4/8/2008,1365.54,-0.51,200,161,5
DEU,1/3/2008,7908.41,-0.51,132,99,5
USA,9/17/2007,1476.65,-0.51,55,161,5
USA,5/20/2009,903.47,-0.51,490,161,5
USA,11/5/2007,1502.17,-0.5,90,161,5
DEU,5/6/2008,7017.1,-0.5,220,99,5
JPN,10/9/2008,9157.49,-0.5,332,9,5
CHN,5/22/2009,2597.6,-0.5,492,13,5
DEU,6/26/2009,4776.47,-0.5,517,99,5
DEU,3/19/2008,6361.22,-0.5,186,99,5
JPN,9/12/2007,15797.6,-0.5,52,9,5
CHN,6/16/2009,2776.02,-0.49,509,13,5
DEU,11/27/2007,7531.35,-0.48,106,99,5
USA,1/30/2008,1355.81,-0.48,151,161,5
CHN,7/30/2008,2836.67,-0.48,281,13,5
CHN,6/5/2009,2753.89,-0.48,502,13,5
DEU,9/9/2008,6233.41,-0.48,310,99,5
USA,1/5/2009,927.45,-0.47,393,161,5
DEU,10/19/2007,7884.12,-0.47,79,99,5
USA,10/3/2007,1539.59,-0.46,67,161,5
DEU,12/17/2008,4708.38,-0.46,381,99,5
CHN,1/21/2009,1985.02,-0.46,405,13,5
USA,7/29/2009,975.15,-0.46,540,161,5
CHN,2/5/2009,2098.02,-0.46,416,13,5
JPN,11/13/2007,15126.63,-0.46,96,9,5
JPN,6/30/2008,13481.38,-0.46,259,9,5
JPN,1/9/2009,8836.8,-0.45,397,9,5
CHN,6/30/2008,2736.1,-0.45,259,13,5
CHN,1/15/2009,1920.21,-0.45,401,13,5
USA,5/5/2008,1407.49,-0.45,219,161,5
JPN,10/25/2007,16284.17,-0.45,83,9,5
JPN,11/28/2007,15153.78,-0.45,107,9,5
USA,10/1/2008,1161.06,-0.45,326,161,5
CHN,7/19/2007,3912.94,-0.44,13,13,5
JPN,9/10/2008,12346.63,-0.44,311,9,5
JPN,3/10/2009,7054.98,-0.44,439,9,5
CHN,11/25/2008,1888.71,-0.44,365,13,5
JPN,7/6/2007,18140.94,-0.44,4,9,5
JPN,4/13/2009,8924.43,-0.44,463,9,5
CHN,8/13/2008,2446.3,-0.44,291,13,5
USA,8/30/2007,1457.64,-0.42,43,161,5
USA,2/8/2008,1331.29,-0.42,158,161,5
DEU,12/3/2007,7837.26,-0.42,110,99,5
DEU,10/1/2008,5806.33,-0.42,326,99,5
CHN,6/4/2009,2767.24,-0.41,501,13,5
USA,9/2/2008,1277.58,-0.41,305,161,5
JPN,8/24/2007,16248.97,-0.41,39,9,5
JPN,5/22/2009,9225.81,-0.41,492,9,5
DEU,10/30/2007,7977.94,-0.4,86,99,5
DEU,11/2/2007,7849.49,-0.4,89,99,5
USA,7/10/2009,879.13,-0.4,527,161,5
JPN,8/6/2007,16914.46,-0.39,25,9,5
JPN,5/26/2009,9310.81,-0.39,494,9,5
USA,12/29/2008,869.42,-0.39,389,161,5
USA,4/29/2008,1390.94,-0.39,215,161,5
DEU,11/13/2007,7777.56,-0.38,96,99,5
JPN,2/16/2009,7750.17,-0.38,423,9,5
CHN,8/14/2008,2437.08,-0.38,292,13,5
USA,5/5/2009,903.8,-0.38,479,161,5
DEU,3/31/2008,6534.97,-0.38,194,99,5
USA,4/30/2008,1385.59,-0.38,216,161,5
DEU,9/10/2008,6210.32,-0.37,311,99,5
USA,6/27/2008,1278.38,-0.37,258,161,5
DEU,8/12/2008,6585.87,-0.36,290,99,5
CHN,5/23/2008,3473.09,-0.36,233,13,5
CHN,5/16/2008,3624.23,-0.36,228,13,5
DEU,12/4/2007,7808.94,-0.36,111,99,5
JPN,7/12/2007,17984.14,-0.36,8,9,5
DEU,10/8/2007,7974.37,-0.35,70,99,5
USA,6/10/2009,939.15,-0.35,505,161,5
DEU,2/11/2008,6743.54,-0.35,159,99,5
USA,3/16/2009,753.89,-0.35,443,161,5
DEU,11/7/2007,7799.62,-0.35,92,99,5
CHN,8/27/2008,2342.15,-0.34,301,13,5
USA,4/14/2008,1328.32,-0.34,204,161,5
DEU,6/5/2008,6941.83,-0.34,242,99,5
DEU,7/24/2009,5229.36,-0.34,537,99,5
JPN,7/7/2009,9647.79,-0.34,524,9,5
DEU,1/31/2008,6851.75,-0.34,152,99,5
USA,3/4/2008,1326.75,-0.34,175,161,5
JPN,3/19/2009,7945.96,-0.33,446,9,5
JPN,12/3/2007,15628.97,-0.33,110,9,5
JPN,4/30/2008,13849.99,-0.32,216,9,5
USA,10/8/2007,1552.58,-0.32,70,161,5
DEU,1/22/2008,6769.47,-0.31,145,99,5
DEU,10/29/2008,4808.69,-0.31,346,99,5
DEU,8/27/2008,6321.03,-0.31,301,99,5
DEU,4/17/2008,6681.81,-0.31,207,99,5
DEU,12/11/2007,8009.42,-0.3,116,99,5
USA,9/28/2007,1526.75,-0.3,64,161,5
JPN,3/26/2008,12706.63,-0.3,191,9,5
JPN,2/10/2009,7945.94,-0.29,419,9,5
CHN,7/23/2008,2837.85,-0.29,276,13,5
USA,8/13/2008,1285.83,-0.29,291,161,5
DEU,2/18/2009,4204.96,-0.28,425,99,5
DEU,3/28/2008,6559.9,-0.28,193,99,5
JPN,9/28/2007,16785.69,-0.28,64,9,5
CHN,9/21/2007,5454.67,-0.28,59,13,5
USA,6/24/2008,1314.29,-0.28,255,161,5
JPN,10/30/2007,16651.01,-0.28,86,9,5
JPN,4/24/2008,13540.87,-0.28,212,9,5
JPN,4/7/2009,8832.85,-0.28,459,9,5
DEU,8/27/2007,7485.99,-0.28,40,99,5
JPN,9/3/2007,16524.93,-0.27,45,9,5
CHN,11/9/2007,5315.54,-0.27,94,13,5
DEU,8/7/2008,6543.49,-0.27,287,99,5
USA,4/28/2009,855.16,-0.27,474,161,5
JPN,12/18/2007,15207.86,-0.27,121,9,5
DEU,1/30/2008,6875.35,-0.26,151,99,5
DEU,9/24/2008,6052.87,-0.26,321,99,5
USA,7/28/2009,979.62,-0.26,539,161,5
CHN,12/2/2008,1889.64,-0.26,370,13,5
DEU,5/12/2009,4854.11,-0.26,484,99,5
USA,6/5/2009,940.09,-0.25,502,161,5
USA,11/3/2008,966.3,-0.25,349,161,5
DEU,4/10/2008,6704.32,-0.25,202,99,5
CHN,3/13/2009,2128.85,-0.24,442,13,5
CHN,1/12/2009,1900.35,-0.24,398,13,5
DEU,9/25/2007,7769.44,-0.24,61,99,5
DEU,9/17/2007,7479.85,-0.24,55,99,5
CHN,3/12/2009,2133.88,-0.24,441,13,5
USA,6/10/2008,1358.44,-0.24,245,161,5
USA,10/24/2007,1515.88,-0.24,82,161,5
JPN,5/16/2008,14219.48,-0.23,228,9,5
JPN,7/14/2008,13010.16,-0.23,269,9,5
CHN,4/3/2009,2419.78,-0.23,457,13,5
JPN,7/31/2007,17248.89,-0.23,21,9,5
CHN,3/14/2008,3962.67,-0.22,183,13,5
DEU,7/3/2009,4708.21,-0.22,522,99,5
USA,7/18/2007,1546.17,-0.21,12,161,5
JPN,7/4/2008,13237.89,-0.21,263,9,5
DEU,12/23/2008,4629.38,-0.21,385,99,5
JPN,7/11/2008,13039.69,-0.21,268,9,5
CHN,3/21/2008,3796.58,-0.2,188,13,5
USA,9/24/2008,1185.87,-0.2,321,161,5
JPN,12/10/2007,15924.39,-0.2,115,9,5
JPN,8/27/2008,12752.96,-0.2,301,9,5
DEU,9/20/2007,7735.09,-0.2,58,99,5
USA,9/3/2008,1274.98,-0.2,306,161,5
DEU,8/18/2008,6432.88,-0.2,294,99,5
JPN,7/1/2009,9939.93,-0.19,520,9,5
CHN,2/11/2009,2260.82,-0.19,420,13,5
USA,7/16/2007,1549.52,-0.19,10,161,5
USA,4/2/2008,1367.53,-0.19,196,161,5
DEU,10/24/2007,7828.96,-0.18,82,99,5
USA,12/7/2007,1504.66,-0.18,114,161,5
DEU,12/15/2008,4654.82,-0.18,379,99,5
DEU,7/2/2008,6305.42,-0.17,261,99,5
USA,7/8/2009,879.56,-0.17,525,161,5
CHN,10/12/2007,5903.26,-0.17,74,13,5
DEU,12/19/2007,7837.32,-0.17,122,99,5
USA,10/10/2007,1562.47,-0.17,72,161,5
USA,5/19/2009,908.13,-0.17,489,161,5
USA,4/21/2008,1388.17,-0.16,209,161,5
JPN,3/5/2008,12972.06,-0.16,176,9,5
JPN,7/3/2008,13265.4,-0.16,262,9,5
DEU,4/15/2009,4549.79,-0.16,465,99,5
JPN,10/5/2007,17065.04,-0.16,69,9,5
CHN,9/26/2008,2293.78,-0.16,323,13,5
CHN,4/28/2009,2401.44,-0.16,474,13,5
DEU,2/14/2008,6962.28,-0.16,162,99,5
USA,6/26/2009,918.9,-0.15,517,161,5
USA,5/22/2009,887,-0.15,492,161,5
CHN,12/6/2007,5035.07,-0.15,113,13,5
USA,12/19/2007,1453,-0.14,122,161,5
DEU,6/9/2009,4997.86,-0.14,504,99,5
USA,6/17/2009,910.71,-0.14,510,161,5
JPN,12/14/2007,15514.51,-0.14,119,9,5
JPN,6/25/2008,13829.92,-0.14,256,9,5
JPN,8/5/2008,12914.66,-0.14,285,9,5
CHN,1/8/2008,5386.53,-0.13,135,13,5
USA,9/10/2007,1451.7,-0.13,50,161,5
DEU,10/4/2007,7944.99,-0.13,68,99,5
JPN,7/1/2008,13463.2,-0.13,260,9,5
DEU,6/19/2008,6721.17,-0.12,252,99,5
JPN,11/6/2007,16249.63,-0.12,91,9,5
JPN,7/17/2007,18217.27,-0.12,11,9,5
CHN,10/19/2007,5818.05,-0.12,79,13,5
CHN,6/23/2009,2892.7,-0.12,514,13,5
USA,4/28/2008,1396.37,-0.11,214,161,5
USA,8/23/2007,1462.5,-0.11,38,161,5
JPN,3/27/2009,8626.97,-0.11,452,9,5
CHN,6/26/2008,2901.85,-0.11,257,13,5
USA,4/30/2009,872.81,-0.1,476,161,5
USA,2/18/2009,788.42,-0.1,425,161,5
USA,10/25/2007,1514.4,-0.1,83,161,5
USA,5/12/2009,908.35,-0.1,484,161,5
JPN,3/25/2009,8479.99,-0.1,450,9,5
CHN,8/10/2007,4749.37,-0.1,29,13,5
USA,6/8/2009,939.14,-0.1,503,161,5
JPN,6/11/2009,9981.33,-0.1,506,9,5
JPN,8/20/2008,12851.69,-0.1,296,9,5
JPN,8/28/2007,16287.49,-0.09,41,9,5
DEU,10/16/2007,7962.64,-0.09,76,99,5
USA,2/19/2008,1348.78,-0.09,165,161,5
DEU,11/9/2007,7812.4,-0.09,94,99,5
USA,2/27/2008,1380.02,-0.09,171,161,5
USA,10/18/2007,1540.08,-0.08,78,161,5
CHN,4/16/2009,2534.13,-0.08,466,13,5
DEU,1/27/2009,4323.42,-0.08,409,99,5
DEU,9/24/2007,7787.92,-0.08,60,99,5
JPN,12/5/2008,7917.51,-0.08,373,9,5
CHN,12/3/2007,4868.61,-0.07,110,13,5
DEU,12/4/2008,4564.23,-0.07,372,99,5
DEU,3/13/2009,3953.6,-0.07,442,99,5
DEU,11/12/2007,7806.84,-0.07,95,99,5
CHN,7/24/2007,4210.33,-0.07,16,13,5
DEU,6/30/2008,6418.32,-0.06,259,99,5
CHN,12/29/2008,1850.48,-0.06,389,13,5
JPN,6/24/2008,13849.56,-0.06,255,9,5
USA,11/8/2007,1474.77,-0.06,93,161,5
CHN,8/15/2007,4869.88,-0.06,32,13,5
DEU,5/8/2008,7071.9,-0.06,222,99,5
DEU,7/25/2008,6436.71,-0.06,278,99,5
DEU,8/24/2007,7507.27,-0.06,39,99,5
DEU,1/25/2008,6816.74,-0.06,148,99,5
CHN,12/26/2008,1851.52,-0.05,388,13,5
USA,8/13/2007,1452.92,-0.05,30,161,5
JPN,7/10/2007,18252.67,-0.05,6,9,5
DEU,12/6/2007,7940.58,-0.05,113,99,5
USA,2/2/2009,825.44,-0.05,413,161,5
USA,7/22/2009,954.07,-0.05,535,161,5
USA,7/21/2008,1260,-0.05,274,161,5
JPN,6/26/2008,13822.32,-0.05,257,9,5
USA,7/17/2009,940.38,-0.04,532,161,5
USA,5/13/2008,1403.04,-0.04,225,161,5
CHN,7/13/2007,3914.4,-0.04,9,13,5
JPN,7/10/2009,9287.28,-0.04,527,9,5
JPN,6/17/2008,14348.37,-0.04,250,9,5
JPN,2/26/2009,7457.93,-0.04,431,9,5
JPN,8/3/2007,16979.86,-0.03,24,9,5
CHN,7/27/2007,4345.36,-0.03,19,13,5
USA,10/2/2007,1546.63,-0.03,66,161,5
USA,8/20/2007,1445.55,-0.03,35,161,5
JPN,2/15/2008,13622.56,-0.03,163,9,5
DEU,5/15/2008,7081.05,-0.03,227,99,5
USA,6/4/2008,1377.2,-0.03,241,161,5
USA,9/25/2007,1517.21,-0.03,61,161,5
JPN,3/24/2008,12480.09,-0.02,189,9,5
DEU,5/15/2009,4737.5,-0.02,487,99,5
DEU,5/25/2009,4918.45,-0.01,493,99,5
DEU,9/1/2008,6421.8,-0.01,304,99,5
USA,7/17/2007,1549.37,-0.01,11,161,5
JPN,7/28/2009,10087.26,-0.01,539,9,5
CHN,7/2/2008,2651.73,0,261,13,5
USA,9/12/2007,1471.56,0,52,161,5
DEU,11/26/2008,4560.5,0,366,99,5
JPN,3/4/2008,12992.28,0,175,9,5
JPN,8/22/2007,15900.64,0,37,9,5
USA,6/16/2008,1360.14,0.01,249,161,5
JPN,12/20/2007,15031.6,0.01,123,9,5
USA,6/23/2008,1318,0.01,254,161,5
USA,9/14/2007,1484.25,0.02,54,161,5
JPN,7/3/2007,18149.9,0.02,1,9,5
DEU,6/16/2009,4890.72,0.02,509,99,5
USA,7/5/2007,1525.4,0.03,3,161,5
CHN,9/12/2008,2079.67,0.03,313,13,5
CHN,9/4/2008,2277.41,0.03,307,13,5
JPN,7/30/2007,17289.3,0.03,20,9,5
DEU,1/28/2008,6818.85,0.03,149,99,5
DEU,6/2/2009,5144.06,0.03,499,99,5
USA,7/18/2008,1260.68,0.03,273,161,5
DEU,8/29/2008,6422.3,0.03,303,99,5
JPN,8/7/2007,16921.77,0.04,26,9,5
DEU,9/18/2008,5863.42,0.04,317,99,5
DEU,6/19/2009,4839.46,0.04,512,99,5
USA,8/10/2007,1453.64,0.04,29,161,5
JPN,2/12/2008,13021.96,0.04,160,9,5
USA,3/3/2008,1331.34,0.05,174,161,5
JPN,7/16/2008,12760.8,0.05,271,9,5
USA,11/29/2007,1469.72,0.05,108,161,5
DEU,1/11/2008,7717.95,0.06,138,99,5
USA,4/17/2008,1365.56,0.06,207,161,5
DEU,7/30/2007,7456.31,0.06,20,99,5
DEU,8/15/2008,6446.02,0.06,293,99,5
DEU,2/21/2008,6904.85,0.07,167,99,5
JPN,10/23/2007,16450.58,0.07,81,9,5
DEU,11/14/2007,7783.11,0.07,97,99,5
CHN,9/18/2007,5425.21,0.07,56,13,5
DEU,4/3/2009,4384.99,0.07,457,99,5
DEU,5/27/2008,6958.66,0.07,235,99,5
JPN,7/31/2008,13376.81,0.07,282,9,5
USA,2/15/2008,1349.99,0.08,163,161,5
DEU,2/13/2008,6973.67,0.08,161,99,5
USA,12/26/2007,1497.66,0.08,127,161,5
JPN,7/15/2009,9269.25,0.08,530,9,5
USA,11/2/2007,1509.65,0.08,89,161,5
USA,4/4/2008,1370.4,0.08,198,161,5
USA,6/9/2008,1361.76,0.08,244,161,5
DEU,10/10/2007,7986.57,0.08,72,99,5
DEU,10/9/2007,7980.44,0.08,71,99,5
CHN,3/25/2008,3629.62,0.09,190,13,5
JPN,2/18/2008,13635.4,0.09,164,9,5
DEU,10/12/2007,8041.26,0.09,74,99,5
CHN,6/25/2009,2925.05,0.09,516,13,5
USA,7/9/2007,1531.85,0.09,5,161,5
CHN,12/17/2008,1976.82,0.09,381,13,5
USA,5/19/2008,1426.63,0.09,229,161,5
DEU,11/28/2008,4669.44,0.09,368,99,5
JPN,12/29/2008,8747.17,0.09,389,9,5
JPN,10/10/2007,17177.89,0.1,72,9,5
JPN,7/4/2007,18168.72,0.1,2,9,5
DEU,9/28/2007,7861.51,0.1,64,99,5
CHN,6/2/2009,2724.3,0.11,499,13,5
CHN,9/9/2008,2145.78,0.11,310,13,5
USA,7/3/2008,1262.9,0.11,262,161,5
USA,8/21/2007,1447.12,0.11,36,161,5
DEU,1/7/2008,7817.17,0.11,134,99,5
CHN,6/26/2009,2928.21,0.11,517,13,5
DEU,10/3/2007,7955.3,0.11,67,99,5
CHN,4/23/2009,2463.95,0.11,471,13,5
USA,12/13/2007,1488.41,0.12,118,161,5
USA,3/6/2009,683.38,0.12,437,161,5
DEU,8/29/2007,7439.18,0.12,42,99,5
JPN,8/28/2008,12768.25,0.12,302,9,5
DEU,8/6/2007,7444.45,0.12,25,99,5
JPN,7/10/2008,13067.21,0.12,267,9,5
DEU,11/25/2008,4560.42,0.13,365,99,5
JPN,5/28/2009,9451.39,0.13,496,9,5
USA,1/15/2009,843.74,0.13,401,161,5
DEU,2/13/2009,4413.39,0.13,422,99,5
USA,4/3/2008,1369.31,0.13,197,161,5
USA,6/30/2008,1280,0.13,259,161,5
DEU,5/5/2008,7052.08,0.13,219,99,5
USA,5/16/2008,1425.35,0.13,228,161,5
JPN,7/28/2008,13353.78,0.14,279,9,5
DEU,5/26/2008,6953.84,0.14,234,99,5
JPN,4/16/2009,8755.26,0.14,466,9,5
USA,6/12/2009,946.21,0.14,507,161,5
CHN,12/19/2008,2018.46,0.14,383,13,5
DEU,9/3/2007,7648.58,0.14,45,99,5
DEU,8/23/2007,7511.96,0.15,38,99,5
USA,5/30/2008,1400.38,0.15,238,161,5
USA,12/28/2007,1478.49,0.15,129,161,5
JPN,9/13/2007,15821.19,0.15,53,9,5
USA,2/9/2009,869.89,0.15,418,161,5
DEU,6/3/2008,7019.13,0.15,240,99,5
JPN,7/9/2008,13052.13,0.15,266,9,5
DEU,5/29/2009,4940.82,0.16,497,99,5
DEU,7/16/2007,8105.69,0.16,10,99,5
USA,4/7/2008,1372.54,0.16,199,161,5
JPN,10/15/2007,17358.15,0.16,75,9,5
USA,2/12/2009,835.19,0.17,421,161,5
DEU,6/9/2008,6815.63,0.17,244,99,5
DEU,2/27/2008,6997.85,0.17,171,99,5
DEU,6/23/2008,6589.46,0.17,254,99,5
CHN,6/16/2008,2874.1,0.18,249,13,5
JPN,4/22/2009,8727.3,0.18,470,9,5
DEU,1/14/2008,7732.02,0.18,139,99,5
USA,10/17/2007,1541.24,0.18,77,161,5
USA,1/13/2009,871.79,0.18,399,161,5
JPN,1/8/2008,14528.67,0.19,135,9,5
JPN,4/20/2009,8924.75,0.19,468,9,5
CHN,5/7/2009,2597.45,0.19,481,13,5
CHN,5/15/2009,2645.26,0.2,487,13,5
DEU,6/4/2009,5064.8,0.2,501,99,5
JPN,5/11/2009,9451.98,0.2,483,9,5
DEU,9/12/2007,7472.99,0.2,52,99,5
JPN,9/24/2008,12115.03,0.2,321,9,5
USA,6/2/2009,944.74,0.2,499,161,5
JPN,9/20/2007,16413.79,0.2,58,9,5
JPN,8/13/2007,16800.05,0.21,30,9,5
DEU,3/18/2009,3996.32,0.21,445,99,5
CHN,1/2/2008,5272.81,0.21,131,13,5
JPN,7/24/2007,18002.03,0.21,16,9,5
USA,9/12/2008,1251.7,0.21,313,161,5
USA,10/4/2007,1542.84,0.21,68,161,5
DEU,10/26/2007,7949.17,0.21,84,99,5
JPN,4/27/2009,8726.34,0.21,473,9,5
JPN,9/26/2007,16435.74,0.21,62,9,5
JPN,4/28/2008,13894.37,0.22,214,9,5
DEU,1/5/2009,4983.99,0.22,393,99,5
DEU,8/21/2007,7424.75,0.23,36,99,5
CHN,9/10/2008,2150.76,0.23,311,13,5
JPN,4/23/2008,13579.16,0.23,211,9,5
USA,6/23/2009,895.1,0.23,514,161,5
USA,3/25/2008,1352.99,0.23,190,161,5
DEU,5/14/2009,4738.47,0.23,486,99,5
JPN,7/20/2007,18157.93,0.23,14,9,5
USA,3/11/2009,721.36,0.24,440,161,5
DEU,2/19/2009,4215.21,0.24,426,99,5
CHN,3/18/2009,2223.73,0.24,445,13,5
DEU,6/5/2009,5077.03,0.24,502,99,5
JPN,5/23/2008,14012.2,0.24,233,9,5
CHN,1/14/2008,5497.9,0.24,139,13,5
CHN,12/11/2007,5175.08,0.25,116,13,5
DEU,11/8/2007,7819.47,0.25,93,99,5
USA,4/13/2009,858.73,0.25,463,161,5
DEU,12/14/2007,7948.36,0.25,119,99,5
DEU,11/6/2007,7827.19,0.25,91,99,5
USA,8/21/2008,1277.72,0.25,297,161,5
DEU,3/24/2009,4187.36,0.26,449,99,5
USA,5/22/2008,1394.35,0.26,232,161,5
JPN,7/29/2009,10113.24,0.26,540,9,5
USA,7/6/2009,898.72,0.26,523,161,5
CHN,8/8/2007,4663.16,0.26,27,13,5
JPN,6/2/2009,9704.31,0.27,499,9,5
CHN,2/25/2009,2206.57,0.27,430,13,5
JPN,8/14/2007,16844.61,0.27,31,9,5
CHN,5/18/2009,2652.78,0.28,488,13,5
DEU,8/15/2007,7445.9,0.28,32,99,5
DEU,7/22/2008,6442.79,0.28,275,99,5
DEU,8/8/2008,6561.65,0.28,288,99,5
USA,12/19/2008,887.88,0.29,383,161,5
DEU,6/23/2009,4707.15,0.29,514,99,5
JPN,1/14/2009,8438.45,0.29,400,9,5
JPN,7/5/2007,18221.48,0.29,3,9,5
CHN,5/5/2009,2567.34,0.29,479,13,5
USA,4/23/2008,1379.93,0.29,211,161,5
JPN,3/18/2009,7972.17,0.29,445,9,5
DEU,10/17/2007,7985.41,0.29,77,99,5
DEU,5/27/2009,5000.77,0.3,495,99,5
USA,7/24/2009,979.26,0.3,537,161,5
CHN,8/7/2008,2727.58,0.3,287,13,5
DEU,5/29/2008,7055.03,0.3,237,99,5
DEU,7/31/2008,6479.56,0.3,282,99,5
USA,7/27/2009,982.18,0.3,538,161,5
CHN,1/24/2008,4717.73,0.31,147,13,5
DEU,8/14/2008,6442.21,0.31,292,99,5
USA,6/19/2009,921.23,0.31,512,161,5
USA,7/13/2007,1552.5,0.31,9,161,5
JPN,2/19/2009,7557.65,0.31,426,9,5
DEU,10/2/2007,7946.79,0.31,66,99,5
DEU,7/4/2007,8075.26,0.31,2,99,5
USA,8/16/2007,1411.27,0.32,33,161,5
JPN,1/19/2009,8256.85,0.32,403,9,5
USA,5/2/2008,1413.9,0.32,218,161,5
DEU,12/18/2007,7850.74,0.32,121,99,5
CHN,5/27/2008,3375.41,0.32,235,13,5
JPN,8/27/2007,16301.39,0.32,40,9,5
USA,1/7/2008,1416.18,0.32,134,161,5
DEU,4/4/2008,6763.39,0.32,198,99,5
CHN,9/5/2007,5310.72,0.32,47,13,5
JPN,8/8/2008,13168.41,0.33,288,9,5
USA,7/6/2007,1530.44,0.33,4,161,5
CHN,7/11/2007,3865.72,0.33,7,13,5
USA,6/12/2008,1339.87,0.33,247,161,5
DEU,5/14/2008,7083.24,0.33,226,99,5
JPN,4/3/2009,8749.84,0.34,457,9,5
DEU,5/13/2008,7060.19,0.34,225,99,5
JPN,11/22/2007,14888.77,0.34,103,9,5
DEU,4/21/2009,4501.63,0.34,469,99,5
CHN,8/28/2008,2350.14,0.34,302,13,5
USA,1/8/2009,909.73,0.34,396,161,5
CHN,8/25/2008,2413.37,0.34,299,13,5
USA,9/26/2008,1213.27,0.34,323,161,5
USA,8/6/2008,1289.19,0.34,286,161,5
USA,7/9/2009,882.68,0.35,526,161,5
JPN,5/19/2008,14269.61,0.35,229,9,5
CHN,4/15/2009,2536.06,0.35,465,13,5
USA,6/9/2009,942.43,0.35,504,161,5
USA,7/21/2009,954.58,0.36,534,161,5
DEU,7/9/2007,8077.39,0.36,5,99,5
JPN,10/1/2007,16845.96,0.36,65,9,5
CHN,4/8/2008,3612.54,0.36,200,13,5
USA,7/3/2007,1524.87,0.36,1,161,5
DEU,12/28/2007,8067.32,0.36,129,99,5
JPN,2/13/2008,13068.3,0.36,161,9,5
JPN,5/22/2008,13978.46,0.37,232,9,5
CHN,1/20/2009,1994.11,0.37,404,13,5
CHN,5/12/2008,3626.98,0.37,224,13,5
USA,10/29/2007,1540.98,0.37,85,161,5
DEU,5/22/2009,4918.75,0.37,492,99,5
USA,8/26/2008,1271.51,0.37,300,161,5
USA,5/8/2008,1397.68,0.37,222,161,5
JPN,6/3/2009,9741.67,0.38,500,9,5
USA,7/1/2008,1284.91,0.38,260,161,5
CHN,1/10/2008,5456.54,0.38,137,13,5
CHN,4/30/2009,2477.57,0.38,476,13,5
USA,10/22/2007,1506.33,0.38,80,161,5
JPN,5/7/2008,14102.48,0.38,221,9,5
USA,6/19/2008,1342.83,0.38,252,161,5
DEU,2/5/2009,4510.49,0.39,416,99,5
USA,9/27/2007,1531.38,0.39,63,161,5
DEU,4/24/2008,6821.32,0.39,212,99,5
USA,5/14/2008,1408.66,0.4,226,161,5
DEU,8/20/2007,7407.53,0.4,35,99,5
USA,5/28/2008,1390.84,0.4,236,161,5
DEU,9/30/2008,5831.02,0.41,325,99,5
JPN,6/22/2009,9826.27,0.41,513,9,5
USA,8/15/2008,1298.2,0.41,293,161,5
DEU,12/20/2007,7869.19,0.41,123,99,5
CHN,10/9/2007,5715.89,0.41,71,13,5
USA,7/23/2008,1282.19,0.41,276,161,5
DEU,7/27/2009,5251.55,0.42,538,99,5
DEU,4/27/2009,4694.07,0.42,473,99,5
DEU,1/8/2008,7849.99,0.42,135,99,5
DEU,5/22/2008,7070.33,0.42,232,99,5
JPN,1/6/2009,9080.84,0.42,394,9,5
DEU,4/28/2008,6925.33,0.42,214,99,5
USA,7/25/2008,1257.76,0.42,278,161,5
DEU,7/17/2009,4978.4,0.43,532,99,5
JPN,6/24/2009,9590.32,0.43,515,9,5
USA,9/6/2007,1478.55,0.43,48,161,5
DEU,9/6/2007,7621.72,0.44,48,99,5
USA,9/5/2008,1242.31,0.44,308,161,5
USA,7/1/2009,923.33,0.44,520,161,5
USA,8/2/2007,1472.2,0.44,23,161,5
CHN,11/20/2007,5293.7,0.45,101,13,5
JPN,5/13/2009,9340.49,0.45,485,9,5
DEU,12/27/2007,8038.6,0.45,128,99,5
USA,11/20/2007,1439.7,0.45,101,161,5
USA,4/10/2008,1360.55,0.45,202,161,5
USA,7/19/2007,1553.08,0.45,13,161,5
DEU,9/26/2007,7804.15,0.45,62,99,5
USA,9/21/2007,1525.75,0.46,59,161,5
USA,4/15/2008,1334.43,0.46,205,161,5
DEU,2/4/2008,7000.49,0.46,154,99,5
CHN,3/11/2008,4165.88,0.47,180,13,5
DEU,5/12/2008,7035.95,0.47,224,99,5
USA,7/25/2007,1518.09,0.47,17,161,5
DEU,4/15/2008,6585.05,0.47,205,99,5
JPN,8/15/2008,13019.41,0.48,293,9,5
DEU,2/9/2009,4666.82,0.48,418,99,5
CHN,5/25/2009,2610.01,0.48,493,13,5
USA,10/12/2007,1561.8,0.48,74,161,5
DEU,12/10/2007,8033.36,0.49,115,99,5
USA,12/20/2007,1460.12,0.49,123,161,5
CHN,10/26/2007,5589.63,0.49,84,13,5
DEU,7/13/2007,8092.77,0.49,9,99,5
DEU,11/18/2008,4579.47,0.49,360,99,5
USA,7/23/2007,1541.57,0.49,15,161,5
CHN,11/26/2008,1897.88,0.49,366,13,5
JPN,1/9/2008,14599.16,0.49,136,9,5
DEU,1/21/2009,4261.15,0.5,405,99,5
JPN,5/8/2009,9432.83,0.5,482,9,5
CHN,8/22/2007,4980.08,0.5,37,13,5
CHN,8/7/2007,4651.23,0.5,26,13,5
DEU,2/19/2008,7002.29,0.5,165,99,5
DEU,2/8/2008,6767.28,0.5,158,99,5
USA,4/17/2009,869.6,0.5,467,161,5
JPN,7/30/2009,10165.21,0.51,541,9,5
USA,3/13/2008,1315.48,0.51,182,161,5
CHN,3/2/2009,2093.45,0.51,433,13,5
CHN,6/8/2009,2768.34,0.52,503,13,5
USA,3/5/2008,1333.7,0.52,176,161,5
USA,11/16/2007,1458.74,0.52,99,161,5
JPN,10/31/2007,16737.63,0.52,87,9,5
CHN,7/26/2007,4346.46,0.52,18,13,5
CHN,12/15/2008,1964.37,0.52,379,13,5
JPN,12/17/2008,8612.52,0.52,381,9,5
JPN,12/7/2007,15956.37,0.52,114,9,5
DEU,10/31/2007,8019.22,0.52,87,99,5
CHN,1/11/2008,5484.68,0.52,138,13,5
USA,5/29/2008,1398.26,0.53,237,161,5
USA,7/14/2009,905.84,0.53,529,161,5
DEU,2/11/2009,4530.09,0.54,420,99,5
CHN,12/16/2008,1975.01,0.54,380,13,5
DEU,7/22/2009,5121.56,0.54,535,99,5
USA,9/26/2007,1525.42,0.54,62,161,5
USA,5/1/2009,877.52,0.54,477,161,5
CHN,3/27/2009,2374.44,0.54,452,13,5
DEU,12/10/2008,4804.88,0.54,376,99,5
JPN,4/10/2009,8964.11,0.54,462,9,5
USA,1/23/2009,831.95,0.54,407,161,5
DEU,11/29/2007,7765.19,0.54,108,99,5
CHN,4/14/2009,2527.18,0.54,464,13,5
USA,12/26/2008,872.8,0.54,388,161,5
USA,8/14/2008,1292.93,0.55,292,161,5
CHN,6/22/2009,2896.3,0.55,513,13,5
JPN,7/17/2009,9395.32,0.55,532,9,5
JPN,9/25/2007,16401.73,0.55,61,9,5
JPN,1/18/2008,13861.29,0.56,143,9,5
DEU,8/20/2008,6317.8,0.56,296,99,5
CHN,4/2/2008,3347.88,0.56,196,13,5
JPN,1/28/2009,8106.29,0.56,410,9,5
CHN,1/18/2008,5180.51,0.56,143,13,5
JPN,7/19/2007,18116.57,0.56,13,9,5
CHN,3/24/2009,2338.42,0.56,449,13,5
CHN,9/24/2007,5485.01,0.56,60,13,5
JPN,10/9/2007,17159.9,0.56,71,9,5
USA,1/26/2009,836.57,0.56,408,161,5
CHN,8/15/2008,2450.61,0.56,293,13,5
USA,7/11/2007,1518.76,0.57,7,161,5
DEU,5/6/2009,4880.71,0.57,480,99,5
USA,3/31/2008,1322.7,0.57,194,161,5
JPN,4/15/2008,12990.58,0.57,205,9,5
USA,6/25/2008,1321.97,0.58,256,161,5
DEU,7/16/2009,4957.19,0.58,531,99,5
JPN,4/18/2008,13476.45,0.58,208,9,5
DEU,11/22/2007,7562.1,0.58,103,99,5
JPN,11/27/2007,15222.85,0.58,106,9,5
USA,12/24/2008,868.15,0.58,386,161,5
CHN,1/7/2008,5393.34,0.59,134,13,5
DEU,5/30/2008,7096.79,0.59,238,99,5
DEU,10/11/2007,8033.69,0.59,73,99,5
USA,2/11/2008,1339.13,0.59,159,161,5
JPN,5/20/2009,9344.64,0.59,490,9,5
USA,9/10/2008,1232.04,0.61,311,161,5
DEU,10/23/2007,7842.79,0.61,81,99,5
JPN,6/13/2008,13973.73,0.61,248,9,5
USA,6/11/2009,944.89,0.61,506,161,5
JPN,9/6/2007,16257,0.61,48,9,5
CHN,4/11/2008,3492.89,0.61,203,13,5
USA,9/19/2007,1529.03,0.61,57,161,5
USA,12/12/2007,1486.59,0.61,117,161,5
DEU,11/13/2008,4649.52,0.62,357,99,5
USA,8/20/2008,1274.54,0.62,296,161,5
DEU,11/23/2007,7608.96,0.62,104,99,5
CHN,12/26/2007,5233.35,0.62,127,13,5
USA,1/29/2008,1362.3,0.62,150,161,5
USA,8/7/2007,1476.71,0.62,26,161,5
USA,12/18/2007,1454.98,0.63,121,161,5
DEU,3/20/2009,4068.74,0.63,447,99,5
JPN,5/12/2008,13743.36,0.64,224,9,5
USA,4/24/2008,1388.82,0.64,212,161,5
CHN,3/31/2009,2373.21,0.64,454,13,5
DEU,9/27/2007,7853.79,0.64,63,99,5
JPN,9/3/2008,12689.59,0.64,306,9,5
JPN,8/8/2007,17029.28,0.64,27,9,5
JPN,12/18/2008,8667.23,0.64,382,9,5
DEU,8/6/2008,6561.39,0.65,286,99,5
USA,6/24/2009,900.94,0.65,515,161,5
USA,4/25/2008,1397.84,0.65,213,161,5
JPN,12/26/2007,15653.54,0.65,127,9,5
DEU,7/21/2008,6424.84,0.66,274,99,5
USA,11/25/2008,857.39,0.66,365,161,5
DEU,12/7/2007,7994.07,0.67,114,99,5
JPN,8/2/2007,16984.11,0.67,23,9,5
JPN,7/9/2007,18261.98,0.67,5,9,5
USA,5/27/2008,1385.35,0.68,235,161,5
CHN,7/31/2007,4471.03,0.68,21,13,5
DEU,1/16/2009,4366.28,0.68,402,99,5
CHN,3/20/2009,2281.09,0.68,447,13,5
CHN,9/24/2008,2216.81,0.69,321,13,5
USA,8/11/2008,1305.32,0.69,289,161,5
DEU,8/26/2008,6340.52,0.69,300,99,5
USA,2/26/2008,1381.29,0.69,170,161,5
USA,12/12/2008,879.73,0.7,378,161,5
USA,7/10/2008,1253.39,0.7,267,161,5
DEU,3/9/2009,3692.03,0.7,438,99,5
DEU,3/11/2009,3914.1,0.7,440,99,5
JPN,12/11/2008,8720.55,0.7,377,9,5
JPN,9/11/2007,15877.67,0.71,51,9,5
JPN,11/17/2008,8522.58,0.71,359,9,5
JPN,6/2/2008,14440.14,0.71,239,9,5
CHN,6/9/2009,2787.89,0.71,504,13,5
USA,8/1/2007,1465.81,0.72,22,161,5
CHN,4/21/2008,3116.98,0.72,209,13,5
DEU,10/5/2007,8002.18,0.72,69,99,5
JPN,7/23/2009,9792.94,0.72,536,9,5
CHN,4/2/2009,2425.29,0.72,456,13,5
CHN,9/14/2007,5312.18,0.73,54,13,5
DEU,8/11/2008,6609.63,0.73,289,99,5
JPN,6/18/2008,14452.82,0.73,251,9,5
USA,2/12/2008,1348.86,0.73,160,161,5
JPN,7/22/2009,9723.16,0.74,535,9,5
JPN,5/29/2009,9522.5,0.75,497,9,5
USA,12/10/2007,1515.96,0.75,115,161,5
DEU,7/29/2008,6398.8,0.75,280,99,5
CHN,6/2/2008,3459.04,0.75,239,13,5
DEU,7/14/2008,6200.25,0.76,269,99,5
DEU,10/29/2007,8009.67,0.76,85,99,5
CHN,7/14/2008,2878.26,0.76,269,13,5
DEU,6/13/2008,6765.32,0.76,248,99,5
USA,1/16/2009,850.12,0.76,402,161,5
JPN,12/11/2007,16044.72,0.76,116,9,5
DEU,10/1/2007,7922.42,0.77,65,99,5
USA,3/13/2009,756.55,0.77,442,161,5
DEU,9/21/2007,7794.43,0.77,59,99,5
DEU,7/3/2008,6353.74,0.77,262,99,5
DEU,7/6/2007,8048.32,0.77,4,99,5
USA,5/6/2008,1418.26,0.77,220,161,5
CHN,1/4/2008,5361.57,0.78,133,13,5
DEU,12/3/2008,4567.24,0.78,371,99,5
USA,1/6/2009,934.7,0.78,394,161,5
DEU,6/18/2009,4837.48,0.78,511,99,5
CHN,2/19/2009,2227.12,0.78,426,13,5
DEU,11/3/2008,5026.84,0.78,349,99,5
USA,11/30/2007,1481.14,0.78,109,161,5
USA,1/10/2008,1420.33,0.79,137,161,5
JPN,11/1/2007,16870.4,0.79,88,9,5
USA,2/7/2008,1336.91,0.79,157,161,5
USA,2/22/2008,1353.11,0.79,168,161,5
JPN,12/9/2008,8395.87,0.8,375,9,5
CHN,4/7/2009,2439.18,0.8,459,13,5
USA,8/27/2008,1281.66,0.8,301,161,5
USA,2/11/2009,833.74,0.8,420,161,5
USA,10/9/2007,1565.15,0.81,71,161,5
JPN,7/16/2009,9344.16,0.81,531,9,5
USA,12/24/2007,1496.45,0.81,125,161,5
CHN,7/8/2008,2814.95,0.81,265,13,5
DEU,8/2/2007,7534.13,0.81,23,99,5
JPN,2/7/2008,13207.15,0.82,157,9,5
DEU,4/8/2009,4357.92,0.82,460,99,5
USA,2/20/2008,1360.03,0.83,166,161,5
DEU,12/12/2007,8076.12,0.83,117,99,5
JPN,12/5/2007,15608.88,0.83,112,9,5
CHN,8/27/2007,5150.12,0.83,40,13,5
JPN,6/26/2009,9877.39,0.83,517,9,5
JPN,8/9/2007,17170.6,0.83,28,9,5
DEU,5/7/2008,7076.25,0.84,221,99,5
DEU,9/13/2007,7535.97,0.84,53,99,5
USA,9/13/2007,1483.95,0.84,53,161,5
USA,6/18/2009,918.37,0.84,511,161,5
CHN,11/12/2008,1859.11,0.84,356,13,5
DEU,3/26/2009,4259.37,0.85,451,99,5
DEU,4/7/2008,6821.03,0.85,199,99,5
JPN,6/19/2009,9786.26,0.85,512,9,5
DEU,4/2/2008,6777.44,0.85,196,99,5
DEU,1/6/2009,5026.31,0.85,394,99,5
JPN,3/4/2009,7290.96,0.85,435,9,5
USA,7/16/2009,940.74,0.86,531,161,5
DEU,3/25/2009,4223.29,0.86,450,99,5
CHN,12/5/2008,2018.66,0.86,373,13,5
CHN,1/29/2008,4457.94,0.87,150,13,5
CHN,7/18/2007,3930.06,0.87,12,13,5
CHN,8/28/2007,5194.69,0.87,41,13,5
DEU,7/23/2007,7944.21,0.88,15,99,5
JPN,8/30/2007,16153.82,0.88,43,9,5
USA,10/23/2007,1519.59,0.88,81,161,5
CHN,1/3/2008,5319.86,0.89,132,13,5
JPN,10/18/2007,17106.09,0.89,78,9,5
JPN,6/17/2009,9840.85,0.9,510,9,5
CHN,5/19/2009,2676.68,0.9,489,13,5
JPN,2/19/2008,13757.91,0.9,165,9,5
JPN,10/3/2007,17199.89,0.9,67,9,5
CHN,1/9/2008,5435.81,0.91,136,13,5
DEU,10/27/2008,4334.64,0.91,344,99,5
USA,6/29/2009,927.23,0.91,518,161,5
DEU,9/12/2008,6234.89,0.91,313,99,5
JPN,7/7/2008,13360.04,0.92,264,9,5
DEU,4/30/2008,6948.82,0.92,216,99,5
CHN,1/25/2008,4761.69,0.93,148,13,5
CHN,6/19/2009,2880.49,0.93,512,13,5
DEU,8/7/2007,7513.66,0.93,26,99,5
JPN,9/12/2008,12214.76,0.93,313,9,5
JPN,5/15/2008,14251.74,0.94,227,9,5
CHN,8/1/2008,2801.82,0.94,283,13,5
CHN,5/30/2008,3433.35,0.94,238,13,5
USA,11/28/2008,896.24,0.96,368,161,5
JPN,10/1/2008,11368.26,0.96,326,9,5
USA,3/25/2009,813.88,0.96,450,161,5
CHN,11/23/2007,5032.13,0.96,104,13,5
JPN,2/13/2009,7779.4,0.96,422,9,5
DEU,7/30/2008,6460.12,0.96,281,99,5
DEU,9/4/2007,7721.77,0.96,46,99,5
USA,10/5/2007,1557.59,0.96,69,161,5
USA,4/3/2009,842.5,0.97,457,161,5
CHN,10/10/2007,5771.46,0.97,72,13,5
CHN,12/4/2007,4915.89,0.97,111,13,5
JPN,7/23/2008,13312.93,0.97,276,9,5
DEU,5/19/2008,7225.94,0.97,229,99,5
JPN,12/25/2008,8599.5,0.97,387,9,5
DEU,6/12/2008,6714.52,0.97,247,99,5
DEU,6/17/2008,6796.16,0.98,250,99,5
USA,11/18/2008,859.12,0.98,360,161,5
CHN,5/6/2009,2592.52,0.98,480,13,5
CHN,10/31/2007,5954.77,0.98,87,13,5
USA,4/23/2009,851.92,0.99,471,161,5
DEU,4/23/2008,6795.03,0.99,211,99,5
CHN,4/22/2008,3147.79,0.99,210,13,5
CHN,8/31/2007,5218.83,0.99,44,13,5
CHN,1/22/2009,2004.95,1,406,13,5
JPN,6/8/2009,9865.63,1,503,9,5
JPN,7/17/2008,12887.95,1,272,9,5
JPN,3/11/2008,12658.28,1.01,180,9,6
USA,1/24/2008,1352.07,1.01,147,161,6
CHN,12/14/2007,5007.91,1.01,119,13,6
JPN,6/5/2009,9768.01,1.02,502,9,6
CHN,6/24/2009,2922.3,1.02,515,13,6
DEU,8/22/2007,7500.48,1.02,37,99,6
DEU,12/18/2008,4756.4,1.02,382,99,6
CHN,6/10/2009,2816.25,1.02,505,13,6
JPN,6/6/2008,14489.44,1.03,243,9,6
CHN,10/16/2007,6092.06,1.03,76,13,6
CHN,8/21/2007,4955.21,1.03,36,13,6
USA,7/30/2007,1473.91,1.03,20,161,6
CHN,3/5/2009,2221.08,1.04,436,13,6
JPN,4/1/2008,12656.42,1.04,195,9,6
DEU,7/20/2009,5030.15,1.04,533,99,6
USA,5/14/2009,893.07,1.04,486,161,6
CHN,11/27/2008,1917.86,1.05,367,13,6
CHN,8/23/2007,5032.49,1.05,38,13,6
USA,9/4/2007,1489.42,1.05,46,161,6
CHN,8/6/2008,2719.37,1.06,286,13,6
CHN,8/19/2008,2344.47,1.06,295,13,6
USA,5/15/2008,1423.57,1.06,227,161,6
JPN,10/15/2008,9547.47,1.06,336,9,6
CHN,2/2/2009,2011.68,1.06,413,13,6
JPN,8/21/2007,15901.34,1.07,36,9,6
DEU,6/10/2009,5051.18,1.07,505,99,6
DEU,5/16/2008,7156.55,1.07,228,99,6
CHN,10/17/2008,1930.65,1.08,338,13,6
DEU,5/28/2008,7033.84,1.08,236,99,6
DEU,3/12/2009,3956.22,1.08,441,99,6
JPN,11/30/2007,15680.67,1.08,109,9,6
CHN,8/14/2007,4872.79,1.09,31,13,6
USA,1/27/2009,845.71,1.09,409,161,6
CHN,2/26/2008,4238.18,1.09,170,13,6
USA,1/14/2008,1416.25,1.09,139,161,6
DEU,1/29/2008,6892.96,1.09,150,99,6
CHN,5/8/2009,2625.65,1.09,482,13,6
DEU,8/30/2007,7519.94,1.09,43,99,6
DEU,4/25/2008,6896.58,1.1,213,99,6
USA,5/12/2008,1403.58,1.1,224,161,6
DEU,6/11/2009,5107.26,1.11,506,99,6
JPN,11/20/2007,15211.52,1.12,101,9,6
DEU,10/20/2008,4835.01,1.12,339,99,6
JPN,8/18/2008,13165.45,1.12,294,9,6
USA,8/31/2007,1473.99,1.12,44,161,6
DEU,2/25/2008,6882.56,1.12,169,99,6
DEU,9/11/2007,7457.9,1.12,51,99,6
DEU,4/1/2009,4131.07,1.13,455,99,6
USA,8/22/2008,1292.2,1.13,298,161,6
CHN,3/20/2008,3804.05,1.13,187,13,6
CHN,12/7/2007,5091.76,1.13,114,13,6
CHN,8/30/2007,5167.88,1.14,43,13,6
USA,7/20/2009,951.13,1.14,533,161,6
CHN,2/29/2008,4348.54,1.14,173,13,6
CHN,12/21/2007,5101.78,1.15,124,13,6
USA,8/24/2007,1479.37,1.15,39,161,6
USA,6/4/2009,942.46,1.15,501,161,6
CHN,3/16/2009,2153.29,1.15,443,13,6
CHN,9/12/2007,5172.63,1.15,52,13,6
DEU,3/12/2008,6599.37,1.15,181,99,6
DEU,7/3/2007,8050.68,1.16,1,99,6
JPN,6/11/2008,14183.48,1.16,246,9,6
USA,8/22/2007,1464.07,1.17,37,161,6
JPN,10/29/2007,16698.08,1.17,85,9,6
JPN,5/14/2008,14118.55,1.18,226,9,6
JPN,4/7/2008,13450.23,1.18,199,9,6
DEU,3/19/2009,4043.46,1.18,446,99,6
USA,4/8/2009,825.16,1.18,460,161,6
CHN,11/7/2007,5601.78,1.18,92,13,6
JPN,10/2/2007,17046.78,1.19,66,9,6
USA,7/30/2009,986.75,1.19,541,161,6
USA,12/10/2008,899.24,1.19,376,161,6
DEU,3/11/2008,6524.57,1.19,180,99,6
USA,11/6/2007,1520.27,1.2,91,161,6
USA,7/17/2008,1260.32,1.2,272,161,6
USA,10/31/2007,1549.38,1.2,87,161,6
JPN,4/16/2008,13146.13,1.2,206,9,6
DEU,7/16/2008,6155.37,1.21,271,99,6
CHN,10/24/2007,5843.11,1.21,82,13,6
JPN,9/17/2008,11749.79,1.21,316,9,6
USA,2/1/2008,1395.42,1.22,153,161,6
DEU,2/6/2008,6847.51,1.22,156,99,6
CHN,6/17/2009,2810.12,1.23,510,13,6
DEU,8/8/2007,7605.94,1.23,27,99,6
DEU,7/19/2007,7991.21,1.24,13,99,6
JPN,4/6/2009,8857.93,1.24,458,9,6
USA,4/15/2009,852.06,1.25,465,161,6
CHN,12/1/2008,1894.61,1.25,369,13,6
DEU,6/25/2008,6617.84,1.25,256,99,6
USA,10/23/2008,908.11,1.26,342,161,6
DEU,10/30/2008,4869.3,1.26,347,99,6
DEU,7/14/2009,4781.69,1.26,529,99,6
DEU,7/9/2009,4630.07,1.26,526,99,6
DEU,9/18/2007,7575.21,1.27,56,99,6
DEU,7/21/2009,5093.97,1.27,534,99,6
JPN,12/30/2008,8859.56,1.28,390,9,6
DEU,7/9/2008,6386.46,1.3,266,99,6
CHN,7/12/2007,3915.99,1.3,8,13,6
JPN,5/25/2009,9347,1.31,493,9,6
USA,3/31/2009,797.87,1.31,454,161,6
DEU,4/16/2009,4609.46,1.31,466,99,6
DEU,11/14/2008,4710.24,1.31,358,99,6
CHN,7/28/2008,2903.01,1.32,279,13,6
DEU,10/25/2007,7932.44,1.32,83,99,6
USA,10/1/2007,1547.04,1.33,65,161,6
CHN,9/27/2007,5409.4,1.33,63,13,6
DEU,12/9/2008,4779.11,1.34,375,99,6
USA,7/22/2008,1277,1.35,275,161,6
USA,9/11/2007,1471.49,1.36,51,161,6
USA,1/9/2008,1409.13,1.36,136,161,6
USA,2/13/2008,1367.21,1.36,161,161,6
JPN,10/26/2007,16505.63,1.36,84,9,6
DEU,5/2/2008,7043.23,1.36,218,99,6
USA,5/29/2009,919.14,1.36,497,161,6
DEU,11/30/2007,7870.52,1.36,109,99,6
JPN,5/27/2009,9438.77,1.37,495,9,6
CHN,2/14/2008,4552.32,1.37,162,13,6
JPN,4/23/2009,8847.01,1.37,471,9,6
DEU,3/27/2008,6578.06,1.37,192,99,6
DEU,5/26/2009,4985.6,1.37,494,99,6
CHN,4/9/2009,2379.88,1.38,461,13,6
USA,2/25/2008,1371.8,1.38,169,161,6
USA,9/11/2008,1249.05,1.38,312,161,6
DEU,4/30/2009,4769.45,1.38,476,99,6
USA,10/26/2007,1535.28,1.38,84,161,6
CHN,12/10/2007,5161.92,1.38,115,13,6
CHN,9/20/2007,5470.06,1.39,58,13,6
CHN,4/29/2008,3523.41,1.4,215,13,6
USA,8/8/2007,1497.49,1.41,27,161,6
JPN,9/22/2008,12090.59,1.42,319,9,6
CHN,1/9/2009,1904.86,1.42,397,13,6
JPN,7/13/2007,18238.95,1.42,9,9,6
USA,12/31/2008,903.25,1.42,391,161,6
CHN,12/27/2007,5308.89,1.44,128,13,6
JPN,7/27/2009,10088.66,1.45,538,9,6
DEU,7/23/2008,6536.09,1.45,276,99,6
DEU,4/17/2009,4676.84,1.46,467,99,6
DEU,4/14/2009,4557.01,1.47,464,99,6
CHN,4/1/2009,2408.02,1.47,455,13,6
USA,8/28/2008,1300.68,1.48,302,161,6
JPN,5/27/2008,13893.31,1.48,235,9,6
JPN,2/27/2009,7568.42,1.48,432,9,6
CHN,9/10/2007,5355.29,1.48,50,13,6
CHN,8/6/2007,4628.11,1.48,25,13,6
JPN,2/27/2008,14031.3,1.49,171,9,6
CHN,8/24/2007,5107.67,1.49,39,13,6
USA,11/27/2007,1428.23,1.49,106,161,6
CHN,5/12/2009,2618.17,1.49,484,13,6
DEU,8/17/2007,7378.29,1.49,34,99,6
CHN,8/13/2007,4820.06,1.49,30,13,6
USA,6/13/2008,1360.03,1.5,248,161,6
USA,12/6/2007,1507.34,1.5,113,161,6
DEU,2/26/2008,6985.97,1.5,170,99,6
JPN,12/21/2007,15257,1.5,124,9,6
JPN,3/18/2008,11964.16,1.5,185,9,6
DEU,9/2/2008,6518.47,1.51,305,99,6
JPN,4/3/2008,13389.9,1.52,197,9,6
USA,12/5/2007,1485.01,1.52,112,161,6
JPN,5/30/2008,14338.54,1.52,238,9,6
USA,3/24/2008,1349.88,1.53,189,161,6
JPN,5/13/2008,13953.73,1.53,225,9,6
CHN,6/24/2008,2803.02,1.54,255,13,6
CHN,2/20/2009,2261.48,1.54,427,13,6
USA,5/28/2009,906.83,1.54,496,161,6
USA,10/31/2008,968.75,1.54,348,161,6
USA,4/16/2009,865.3,1.55,466,161,6
JPN,7/24/2009,9944.55,1.55,537,9,6
JPN,6/12/2009,10135.82,1.55,507,9,6
CHN,9/6/2007,5393.66,1.56,48,13,6
CHN,6/18/2009,2853.9,1.56,511,13,6
JPN,12/22/2008,8723.78,1.57,384,9,6
DEU,8/28/2008,6420.54,1.57,302,99,6
DEU,8/31/2007,7638.17,1.57,44,99,6
CHN,4/15/2008,3348.35,1.57,205,13,6
USA,2/3/2009,838.51,1.58,414,161,6
JPN,7/30/2008,13367.79,1.58,281,9,6
CHN,2/18/2008,4568.15,1.58,164,13,6
DEU,11/20/2007,7630.31,1.58,101,99,6
JPN,6/4/2008,14435.57,1.59,241,9,6
CHN,3/6/2008,4360.99,1.59,177,13,6
JPN,3/12/2008,12861.13,1.6,181,9,6
DEU,5/20/2009,5038.94,1.6,490,99,6
JPN,2/6/2009,8076.62,1.6,417,9,6
DEU,12/16/2008,4729.91,1.61,380,99,6
CHN,6/29/2009,2975.31,1.61,518,13,6
JPN,4/21/2008,13696.55,1.63,209,9,6
DEU,12/29/2008,4704.86,1.63,389,99,6
JPN,6/1/2009,9677.75,1.63,498,9,6
JPN,12/26/2008,8739.52,1.63,388,9,6
USA,2/5/2009,845.85,1.64,416,161,6
JPN,10/11/2007,17458.98,1.64,73,9,6
CHN,7/3/2007,3899.72,1.65,1,13,6
CHN,1/19/2009,1986.67,1.65,403,13,6
JPN,11/28/2008,8512.27,1.66,368,9,6
USA,4/1/2009,811.08,1.66,455,161,6
JPN,11/26/2007,15135.21,1.66,105,9,6
CHN,6/15/2009,2789.55,1.67,508,13,6
USA,7/30/2008,1284.26,1.67,281,161,6
USA,12/21/2007,1484.46,1.67,124,161,6
USA,4/24/2009,866.23,1.68,472,161,6
JPN,8/25/2008,12878.66,1.68,299,9,6
USA,1/31/2008,1378.55,1.68,152,161,6
CHN,4/10/2008,3471.74,1.69,202,13,6
DEU,8/22/2008,6342.42,1.69,298,99,6
USA,11/23/2007,1440.7,1.69,104,161,6
JPN,5/1/2009,8977.37,1.69,477,9,6
JPN,12/6/2007,15874.08,1.7,113,9,6
DEU,12/21/2007,8002.67,1.7,124,99,6
DEU,7/31/2007,7584.14,1.71,21,99,6
DEU,7/30/2009,5360.66,1.71,541,99,6
USA,5/1/2008,1409.34,1.71,217,161,6
CHN,5/27/2009,2632.93,1.71,495,13,6
JPN,3/28/2008,12820.47,1.71,193,9,6
USA,7/8/2008,1273.7,1.71,265,161,6
DEU,2/1/2008,6968.67,1.71,153,99,6
JPN,1/7/2009,9239.24,1.74,395,9,6
CHN,5/13/2009,2663.77,1.74,485,13,6
USA,5/6/2009,919.53,1.74,480,161,6
JPN,4/17/2009,8907.58,1.74,467,9,6
DEU,12/5/2007,7944.77,1.74,112,99,6
USA,1/28/2008,1353.96,1.75,149,161,6
USA,9/16/2008,1213.6,1.75,315,161,6
CHN,11/7/2008,1747.71,1.75,353,13,6
DEU,11/10/2008,5025.53,1.76,354,99,6
DEU,8/13/2007,7474.33,1.78,30,99,6
CHN,1/16/2009,1954.44,1.78,402,13,6
JPN,3/16/2009,7704.15,1.78,443,9,6
DEU,7/18/2008,6382.65,1.78,273,99,6
DEU,4/16/2008,6702.84,1.79,206,99,6
JPN,6/30/2009,9958.44,1.79,519,9,6
JPN,1/29/2009,8251.24,1.79,411,9,6
JPN,12/3/2008,8004.1,1.79,371,9,6
USA,4/18/2008,1390.33,1.81,208,161,6
JPN,3/21/2008,12482.57,1.81,188,9,6
CHN,2/10/2009,2265.16,1.82,419,13,6
JPN,3/26/2009,8636.33,1.84,451,9,6
CHN,5/5/2008,3761.01,1.84,219,13,6
CHN,12/4/2008,2001.5,1.84,372,13,6
JPN,1/31/2008,13592.47,1.85,152,9,6
DEU,7/29/2009,5270.32,1.85,540,99,6
CHN,10/23/2007,5773.39,1.87,81,13,6
JPN,5/15/2009,9265.02,1.88,487,9,6
DEU,7/17/2008,6271.27,1.88,272,99,6
CHN,3/10/2009,2158.57,1.88,439,13,6
JPN,3/6/2008,13215.42,1.88,177,9,6
CHN,3/19/2009,2265.76,1.89,446,13,6
JPN,1/22/2009,8051.74,1.9,406,9,6
USA,7/12/2007,1547.7,1.91,8,161,6
JPN,4/17/2008,13398.3,1.92,207,9,6
CHN,7/17/2007,3896.19,1.94,11,13,6
JPN,12/25/2007,15552.59,1.94,126,9,6
JPN,9/14/2007,16127.42,1.94,54,9,6
JPN,3/5/2009,7433.49,1.95,436,9,6
CHN,7/3/2008,2703.53,1.95,262,13,6
CHN,9/13/2007,5273.59,1.95,53,13,6
CHN,8/9/2007,4754.1,1.95,28,13,6
JPN,11/27/2008,8373.39,1.95,367,9,6
USA,6/5/2008,1404.05,1.95,242,161,6
CHN,3/23/2009,2325.48,1.95,448,13,6
DEU,7/12/2007,8053.43,1.96,8,99,7
CHN,2/23/2009,2305.78,1.96,428,13,7
CHN,9/3/2007,5321.06,1.96,45,13,7
DEU,7/7/2008,6395.75,1.97,264,99,7
CHN,12/18/2008,2015.69,1.97,382,13,7
USA,9/25/2008,1209.18,1.97,322,161,7
DEU,2/18/2008,6967.55,1.98,164,99,7
JPN,8/11/2008,13430.91,1.99,289,9,7
CHN,2/9/2009,2224.71,1.99,418,13,7
CHN,6/3/2009,2778.59,1.99,500,13,7
DEU,9/25/2008,6173.03,1.99,322,99,7
DEU,7/1/2009,4905.44,2.01,520,99,7
CHN,8/29/2008,2397.37,2.01,303,13,7
CHN,12/10/2008,2079.12,2.03,376,13,7
JPN,1/23/2008,12829.06,2.04,146,9,7
JPN,5/2/2008,14049.26,2.05,218,9,7
USA,9/8/2008,1267.79,2.05,309,161,7
CHN,3/3/2008,4438.27,2.06,174,13,7
DEU,4/22/2009,4594.42,2.06,470,99,7
CHN,12/20/2007,5043.54,2.06,123,13,7
CHN,9/17/2007,5421.39,2.06,55,13,7
JPN,1/24/2008,13092.78,2.06,147,9,7
JPN,1/5/2009,9043.12,2.07,393,9,7
JPN,1/17/2008,13783.45,2.07,142,9,7
JPN,6/10/2009,9991.49,2.09,505,9,7
USA,3/18/2009,794.35,2.09,445,161,7
CHN,2/19/2008,4664.29,2.1,165,13,7
DEU,4/29/2009,4704.56,2.11,475,99,7
JPN,3/25/2008,12745.22,2.12,190,9,7
DEU,3/5/2008,6683.71,2.12,176,99,7
USA,4/21/2009,850.08,2.13,469,161,7
USA,6/25/2009,920.26,2.14,516,161,7
USA,1/23/2008,1338.6,2.14,146,161,7
CHN,4/20/2009,2557.46,2.14,468,13,7
CHN,10/15/2007,6030.09,2.15,75,13,7
JPN,6/25/2009,9796.08,2.15,516,9,7
USA,4/29/2009,873.64,2.16,475,161,7
CHN,5/8/2008,3656.84,2.17,222,13,7
CHN,12/19/2007,4941.78,2.18,122,13,7
JPN,7/24/2008,13603.31,2.18,277,9,7
USA,8/29/2007,1463.76,2.19,42,161,7
CHN,7/30/2007,4440.77,2.2,20,13,7
DEU,9/8/2008,6263.74,2.22,309,99,7
DEU,5/19/2009,4959.62,2.22,489,99,7
CHN,11/17/2008,2030.48,2.22,359,13,7
DEU,12/30/2008,4810.2,2.24,390,99,7
CHN,10/20/2008,1974.01,2.25,339,13,7
CHN,2/27/2008,4334.05,2.26,171,13,7
DEU,6/29/2009,4885.09,2.27,518,99,7
USA,4/16/2008,1364.71,2.27,206,161,7
CHN,2/4/2009,2107.75,2.28,415,13,7
DEU,5/8/2009,4913.9,2.29,482,99,7
DEU,3/16/2009,4044.54,2.3,443,99,7
DEU,11/27/2008,4665.27,2.3,367,99,7
DEU,9/19/2007,7750.84,2.32,57,99,7
USA,3/26/2009,832.86,2.33,451,161,7
USA,7/23/2009,976.29,2.33,536,161,7
JPN,7/14/2009,9261.81,2.34,529,9,7
USA,7/29/2008,1263.2,2.34,280,161,7
JPN,4/25/2008,13863.47,2.38,213,9,7
JPN,11/29/2007,15513.74,2.38,108,9,7
USA,3/4/2009,712.87,2.38,435,161,7
DEU,3/31/2009,4084.76,2.39,454,99,7
USA,3/20/2008,1329.51,2.39,187,161,7
USA,8/8/2008,1296.32,2.39,288,161,7
JPN,8/29/2008,13072.87,2.39,303,9,7
DEU,4/18/2008,6843.08,2.41,208,99,7
JPN,9/27/2007,16832.22,2.41,63,9,7
DEU,10/3/2008,5797.03,2.41,328,99,7
USA,5/8/2009,929.23,2.41,482,161,7
DEU,5/18/2009,4851.96,2.42,488,99,7
USA,8/6/2007,1467.67,2.42,25,161,7
DEU,2/3/2009,4374.96,2.43,414,99,7
CHN,2/3/2009,2060.81,2.44,414,13,7
USA,12/30/2008,890.64,2.44,390,161,7
DEU,10/31/2008,4987.97,2.44,348,99,7
DEU,7/23/2009,5247.28,2.45,536,99,7
USA,8/17/2007,1445.94,2.46,34,161,7
CHN,10/11/2007,5913.23,2.46,73,13,7
JPN,11/14/2007,15499.56,2.47,97,9,7
CHN,5/28/2008,3459.03,2.48,236,13,7
JPN,3/19/2008,12260.44,2.48,186,9,7
USA,7/13/2009,901.05,2.49,528,161,7
CHN,8/2/2007,4407.73,2.49,23,13,7
DEU,2/26/2009,3942.62,2.51,431,99,7
USA,7/16/2008,1245.36,2.51,271,161,7
CHN,10/8/2007,5692.75,2.53,70,13,7
CHN,3/19/2008,3761.6,2.53,186,13,7
DEU,11/28/2007,7723.66,2.55,107,99,7
CHN,7/24/2008,2910.29,2.55,277,13,7
CHN,10/30/2008,1763.61,2.55,347,13,7
JPN,8/31/2007,16569.09,2.57,44,9,7
USA,12/3/2008,870.74,2.58,371,161,7
USA,6/1/2009,942.87,2.58,498,161,7
USA,10/30/2008,954.09,2.58,347,161,7
CHN,12/5/2007,5042.65,2.58,112,13,7
JPN,1/16/2009,8230.15,2.58,402,9,7
DEU,11/7/2008,4938.46,2.59,353,99,7
CHN,12/24/2007,5234.26,2.6,125,13,7
CHN,10/30/2007,5897.19,2.6,86,13,7
JPN,8/23/2007,16316.32,2.61,38,9,7
JPN,8/6/2008,13254.89,2.63,286,9,7
USA,5/26/2009,910.33,2.63,494,161,7
CHN,9/28/2007,5552.3,2.64,64,13,7
JPN,2/25/2009,7461.22,2.65,430,9,7
DEU,3/23/2009,4176.37,2.65,448,99,7
DEU,8/5/2008,6518.7,2.66,285,99,7
CHN,7/9/2007,3883.22,2.69,5,13,7
DEU,2/4/2009,4492.79,2.69,415,99,7
USA,2/6/2009,868.6,2.69,417,161,7
JPN,2/4/2008,13859.7,2.69,154,9,7
CHN,4/10/2009,2444.23,2.7,462,13,7
DEU,10/14/2008,5199.19,2.7,335,99,7
CHN,7/25/2007,4323.97,2.7,17,13,7
JPN,11/21/2008,7910.79,2.7,363,9,7
JPN,6/16/2008,14354.37,2.72,249,9,7
JPN,11/14/2008,8462.39,2.72,358,9,7
JPN,7/21/2009,9652.02,2.73,534,9,7
CHN,5/14/2008,3657.43,2.73,226,13,7
JPN,2/4/2009,8038.94,2.73,415,9,7
DEU,6/24/2009,4836.01,2.74,515,99,7
JPN,5/19/2009,9290.29,2.78,489,9,7
JPN,10/17/2008,8693.82,2.78,338,9,7
CHN,4/29/2009,2468.19,2.78,475,13,7
DEU,5/4/2009,4902.45,2.79,478,99,7
CHN,10/28/2008,1771.82,2.81,345,13,7
CHN,10/29/2007,5748,2.83,85,13,7
CHN,4/13/2009,2513.7,2.84,463,13,7
JPN,2/21/2008,13688.28,2.84,167,9,7
DEU,4/1/2008,6720.33,2.84,195,99,7
USA,11/28/2007,1469.02,2.86,107,161,7
USA,4/2/2009,834.38,2.87,456,161,7
USA,8/5/2008,1284.88,2.87,285,161,7
USA,11/7/2008,930.99,2.89,353,161,7
USA,11/13/2007,1481.05,2.91,96,161,8
JPN,4/11/2008,13323.73,2.92,203,9,8
USA,9/18/2007,1519.78,2.92,56,161,8
CHN,5/21/2008,3544.19,2.93,231,13,8
CHN,4/3/2008,3446.24,2.94,197,13,8
USA,7/15/2009,932.68,2.96,530,161,8
CHN,2/16/2009,2389.39,2.96,423,13,8
DEU,2/6/2009,4644.63,2.97,417,99,8
JPN,7/22/2008,13184.96,2.98,275,9,8
CHN,7/21/2008,2861.42,2.99,274,13,8
JPN,4/1/2009,8351.91,2.99,455,9,8
JPN,1/29/2008,13478.86,2.99,150,9,8
JPN,8/20/2007,15732.48,3,35,9,8
CHN,1/6/2009,1937.15,3,394,13,8
DEU,4/24/2009,4674.32,3,472,99,8
CHN,6/20/2008,2831.74,3.01,253,13,8
CHN,3/17/2009,2218.33,3.02,444,13,8
JPN,5/29/2008,14124.47,3.03,237,9,8
USA,5/18/2009,909.71,3.04,488,161,8
CHN,11/14/2008,1986.44,3.05,358,13,8
CHN,3/26/2009,2361.7,3.06,451,13,8
DEU,4/9/2009,4491.12,3.06,461,99,8
DEU,7/15/2009,4928.44,3.07,530,99,8
JPN,2/25/2008,13914.57,3.07,169,9,8
DEU,12/2/2008,4531.79,3.12,370,99,8
CHN,1/23/2008,4703.05,3.14,146,13,8
JPN,12/10/2008,8660.24,3.15,376,9,8
USA,1/2/2009,931.8,3.16,392,161,8
CHN,11/5/2008,1760.61,3.16,351,13,8
JPN,3/17/2009,7949.13,3.18,444,9,8
DEU,7/13/2009,4722.34,3.19,528,99,8
USA,3/17/2009,778.12,3.21,444,161,8
CHN,2/13/2009,2320.79,3.23,422,13,8
DEU,3/25/2008,6524.71,3.24,190,99,8
CHN,1/5/2009,1880.72,3.29,393,13,8
CHN,5/4/2009,2559.91,3.32,478,13,8
JPN,3/24/2009,8488.3,3.32,449,9,8
DEU,2/12/2008,6967.84,3.33,160,99,8
JPN,10/21/2008,9306.25,3.34,340,9,8
USA,1/28/2009,874.09,3.36,410,161,8
CHN,6/1/2009,2721.28,3.36,498,13,8
JPN,9/8/2008,12624.46,3.38,309,9,8
JPN,3/23/2009,8215.53,3.39,448,9,8
USA,5/4/2009,907.24,3.39,478,161,8
DEU,1/2/2009,4973.07,3.39,392,99,8
DEU,3/18/2008,6393.39,3.41,185,99,8
DEU,10/17/2008,4781.33,3.43,338,99,8
CHN,8/3/2007,4560.77,3.47,24,13,8
CHN,7/18/2008,2778.37,3.49,273,13,8
CHN,1/14/2009,1928.87,3.52,400,13,8
USA,11/26/2008,887.68,3.53,366,161,8
DEU,1/26/2009,4326.87,3.54,408,99,8
CHN,12/8/2008,2090.77,3.57,374,13,8
USA,4/1/2008,1370.18,3.59,195,161,8
JPN,10/20/2008,9005.59,3.59,339,9,8
CHN,9/25/2008,2297.5,3.64,322,13,8
CHN,6/25/2008,2905.01,3.64,256,13,8
USA,12/5/2008,876.07,3.65,373,161,8
CHN,10/13/2008,2073.57,3.65,334,13,8
JPN,9/19/2007,16381.54,3.67,57,9,8
CHN,11/13/2008,1927.61,3.68,357,13,8
USA,3/11/2008,1320.65,3.71,180,161,8
CHN,7/20/2007,4058.85,3.73,14,13,8
JPN,4/9/2009,8916.06,3.74,461,9,8
CHN,7/9/2008,2920.55,3.75,266,13,8
JPN,9/19/2008,11920.86,3.76,318,9,8
CHN,7/23/2007,4213.36,3.81,15,13,8
USA,4/9/2009,856.56,3.81,461,161,8
USA,12/8/2008,909.7,3.84,374,161,8
JPN,4/30/2009,8828.26,3.94,476,9,9
CHN,2/6/2009,2181.24,3.97,417,13,9
USA,12/2/2008,848.81,3.99,370,161,9
USA,2/24/2009,773.14,4.01,429,161,9
CHN,12/3/2008,1965.41,4.01,371,13,9
USA,9/19/2008,1255.08,4.03,318,161,9
USA,3/12/2009,750.74,4.07,441,161,9
DEU,6/1/2009,5142.56,4.08,498,99,9
USA,11/4/2008,1005.75,4.08,350,161,9
JPN,1/25/2008,13629.16,4.1,148,9,9
CHN,4/23/2008,3278.33,4.15,211,13,9
CHN,11/29/2007,5003.33,4.16,108,13,9
JPN,4/2/2008,13189.36,4.21,196,9,9
USA,3/18/2008,1330.74,4.24,185,161,9
USA,10/16/2008,946.43,4.25,337,161,9
JPN,2/14/2008,13626.45,4.27,162,9,9
USA,9/18/2008,1206.51,4.33,317,161,9
USA,1/21/2009,840.24,4.35,405,161,9
JPN,4/2/2009,8719.78,4.4,456,9,9
CHN,4/7/2008,3599.62,4.45,199,13,9
JPN,11/5/2008,9521.24,4.46,351,9,9
DEU,1/28/2009,4518.72,4.52,410,99,9
JPN,3/11/2009,7376.12,4.55,440,9,9
JPN,5/7/2009,9385.7,4.55,481,9,9
CHN,7/6/2007,3781.35,4.58,4,13,9
CHN,7/7/2008,2792.4,4.59,264,13,9
USA,10/20/2008,985.4,4.77,339,161,9
DEU,9/19/2008,6143.42,4.78,318,99,9
CHN,4/30/2008,3693.11,4.82,216,13,10
JPN,1/27/2009,8061.07,4.93,409,9,10
CHN,3/28/2008,3580.15,4.94,193,13,10
CHN,11/14/2007,5412.69,4.94,97,13,10
DEU,11/4/2008,5278.04,5,350,99,10
USA,12/16/2008,913.18,5.14,380,161,10
JPN,3/13/2009,7569.28,5.15,442,9,10
JPN,12/8/2008,8329.05,5.2,374,9,10
JPN,12/15/2008,8664.66,5.21,379,9,10
JPN,11/25/2008,8323.93,5.22,365,9,10
CHN,6/18/2008,2941.11,5.24,251,13,10
DEU,3/10/2009,3886.98,5.28,439,99,10
CHN,8/20/2007,4904.85,5.33,35,13,10
DEU,3/4/2009,3890.94,5.42,435,99,10
USA,9/30/2008,1166.36,5.42,325,161,10
JPN,11/10/2008,9081.43,5.81,354,9,10
DEU,1/24/2008,6821.07,5.93,147,99,10
CHN,11/19/2008,2017.47,6.05,361,13,10
DEU,4/2/2009,4381.92,6.07,456,99,10
CHN,3/4/2009,2198.11,6.12,435,13,10
JPN,11/4/2008,9114.6,6.27,350,9,10
USA,11/21/2008,800.03,6.32,363,161,10
USA,3/10/2009,719.6,6.37,439,161,10
JPN,10/28/2008,7621.92,6.41,345,9,10
USA,11/24/2008,851.81,6.47,364,161,10
USA,11/13/2008,911.29,6.92,357,161,10
USA,3/23/2009,822.92,7.08,448,161,10
CHN,11/10/2008,1874.8,7.27,354,13,10
DEU,12/8/2008,4715.88,7.63,374,99,10
CHN,8/20/2008,2523.28,7.63,296,13,10
JPN,10/29/2008,8211.9,7.74,346,9,10
CHN,9/22/2008,2236.41,7.77,319,13,10
CHN,2/4/2008,4672.17,8.13,154,13,10
CHN,4/24/2008,3583.03,9.29,212,13,10
CHN,9/19/2008,2075.09,9.45,318,13,10
JPN,10/30/2008,9029.76,9.96,347,9,10
DEU,11/24/2008,4554.33,10.34,364,99,10
USA,10/28/2008,940.51,10.79,345,161,10
DEU,10/28/2008,4823.45,11.28,345,99,10
DEU,10/13/2008,5062.45,11.4,334,99,10
USA,10/13/2008,1003.35,11.58,334,161,10
JPN,10/14/2008,9447.57,14.15,335,9,10
CHN,7/2/2007,3836.29, -   ,0,13,10
CHN,12/31/2007,5261.56, -   ,130,13,10
CHN,9/29/2008,2293.78, -   ,324,13,10
CHN,9/30/2008,2293.78, -   ,325,13,10
CHN,10/1/2008,2293.78, -   ,326,13,10
CHN,10/2/2008,2293.78, -   ,327,13,10
CHN,10/3/2008,2293.78, -   ,328,13,10
CHN,1/26/2009,1990.66, -   ,408,13,10
CHN,1/27/2009,1990.66, -   ,409,13,10
CHN,1/28/2009,1990.66, -   ,410,13,10
CHN,1/29/2009,1990.66, -   ,411,13,10
CHN,1/30/2009,1990.66, -   ,412,13,10
CHN,4/6/2009,2419.78, -   ,458,13,10
CHN,5/1/2009,2477.57, -   ,477,13,10
CHN,5/28/2009,2632.93, -   ,496,13,10
CHN,5/29/2009,2632.93, -   ,497,13,10
DEU,7/2/2007,7958.24, -   ,0,99,10
DEU,12/24/2008,4629.38, -   ,386,99,10
DEU,12/26/2008,4629.38, -   ,388,99,10
DEU,4/13/2009,4491.12, -   ,463,99,10
DEU,5/1/2009,4769.45, -   ,477,99,10
JPN,7/2/2007,18146.3, -   ,0,9,10
USA,7/2/2007,1519.43, -   ,0,161,10
USA,1/3/2008,1447.16, -   ,132,161,10
